id,page_views,offers,orders,company_reply_rate,product_completness,total_order_value_in_euro,monetize_amount,wootric_score,Groups on Final Points,KmeansClusterPredicted_2Clusters,KmeansClusterPredicted_3Clusters,KmeansClusterPredicted_4Clusters,KmeansClusterPredicted_5Clusters,cluster 5 RM,KmeansClusterPredicted_6Clusters,KmeansClusterPredicted_7Clusters,KmeansClusterPredicted_8Clusters
0,1,1,0.118181818,1,0.72744186,0.048541409,0,1,0,0,1,3,4,4,5,5,4
1,0.147316731,0.578587699,0.4,0.558599696,0.563013699,0.545682492,0,0.8,0,0,1,3,4,4,5,5,4
2,0.028130481,0.161731207,1,1,0.736764706,1,0,0,0,0,1,1,0,4,3,1,0
3,0.499052964,0.956719818,0.445454545,0.772413793,0.724715447,0.057757785,0.08,0,0,0,1,1,0,4,3,1,0
4,0.173833743,0,0,0.979591837,0.661243781,0,1,0,0,0,1,1,0,2,3,1,0
5,0.088179586,0.025056948,0.2,1,0.57,0.338261334,0,1,0,0,1,3,4,1,5,5,4
6,0.396282006,0.157175399,0.045454545,0.996688742,0.781119403,0.004404648,0,1,0,0,1,3,4,1,5,5,4
7,0.111750263,0.134396355,0.154545455,1,0.474026846,0.000535265,0,1,0,0,1,3,4,1,5,5,4
8,0.661732725,0.148063781,0.027272727,0.706666667,0.568504068,0.000404565,0,1,0,0,1,3,4,1,5,5,4
9,0.207576289,0.141230068,0.036363636,0.855421687,0.543333333,0.009538029,0,1,0,0,1,3,4,1,5,5,4
10,0.208067345,0.08428246,0.054545455,0.969879518,0.568558559,0.010671758,0,1,0,0,1,3,4,1,5,5,4
11,0.037390389,0.054669704,0.009090909,1,1,0.007339474,0,1,0,0,1,3,4,1,5,5,4
12,0.049666784,0.047835991,0.063636364,1,0.751777778,0.003624428,0,1,0,0,1,3,4,1,5,5,4
13,0.178183094,0.166287016,0.027272727,0.845,0.699090909,0.017859352,0,0.9,0,0,1,3,4,1,5,5,4
14,0.050157839,0.009111617,0.009090909,1,0.85516129,0,0,1,0,0,1,3,4,1,5,5,4
15,0.091476675,0.061503417,0,0.787234043,0.849150327,0,0,1,0,0,1,3,4,1,5,5,4
16,0.006243423,0.01594533,0.036363636,0.923076923,0.8,0.004944212,0,1,0,0,1,3,4,1,5,5,4
17,0.241388986,0.075170843,0.018181818,0.998007968,0.246560365,0.001892515,0,1,0,0,1,3,4,1,5,5,4
18,0.033742546,0.223234624,0.090909091,0.995633188,0.524776119,0.081886462,0,0.7,0,0,1,3,4,1,5,5,4
19,0.012136093,0.011389522,0.009090909,1,0.64,0,0,1,0,0,1,3,4,1,5,5,4
20,0.042371098,0.013667426,0,0.944444444,0.682,0,0,1,0,0,1,3,4,1,5,5,4
21,0.144580849,0.097949886,0.054545455,0.870317003,0.357504873,0.007954091,0.05,0.833333333,0,0,1,3,4,1,5,5,4
22,0.043633813,0.070615034,0.054545455,1,0.385,0.015709695,0,0.9,0,0,1,3,4,1,5,5,4
23,0.185478779,0.066059226,0.036363636,1,0.687368421,0.002880541,0,0.8,0,0,1,3,4,1,5,5,4
24,0.038653104,0.006833713,0,1,0.816578947,0,0,0.9,0,0,1,3,4,1,5,5,4
25,0.60940021,0.157175399,0.118181818,0.740506329,0.553969466,0.038008442,0,0.6,0,0,1,3,4,1,5,5,4
26,0.02293932,0.034168565,0.009090909,0.794642857,0.458823529,0.008770601,0,1,0,0,1,3,4,1,5,5,4
27,0.083900386,0,0,0.777777778,0.980666667,0,0,0.9,0,0,1,3,4,1,5,5,4
28,0.320098211,0.25284738,0.072727273,1,0.34095057,0.001466281,0,0.6,0,0,1,3,4,1,5,5,4
29,0.018519818,0.043280182,0,0.923076923,0.57,0,0,0.9,0,0,1,3,4,1,5,5,4
30,0.002174676,0.01594533,0,0.7,0.501538462,0,0,1,0,0,1,3,4,1,5,5,4
31,0.006243423,0.002277904,0.009090909,0.8,0.715,0.01586447,0,0.9,0,0,1,3,4,1,5,5,4
32,0.391932655,0.211845103,0.045454545,0.728070175,0.427593031,0.000889958,0,0.65,0,0,1,3,4,1,5,5,4
33,0.016976499,0.004555809,0,0.928571429,0.5975,0,0,0.9,0,0,1,3,4,1,5,5,4
34,0.506839705,0.671981777,0.081818182,0.988261189,0.53538937,0.019186482,0,0,0,0,1,1,0,4,3,1,5
35,0.04426517,0.004555809,0,0.8,0.445217391,0,0,0.9,0,0,1,3,4,1,5,5,4
36,0.658084882,0.496583144,0.081818182,1,0.672222222,0.063296613,0,0,0,0,1,1,0,4,3,1,0
37,0.093861803,0.002277904,0.009090909,0.167464115,0.351339286,0.002505633,0,1,0,1,2,3,4,1,5,3,6
38,0.032129078,0.002277904,0,0,1,0,0,0.9,0,1,0,3,4,1,5,3,6
39,0.012627148,0.002277904,0.009090909,0,0.57,0,0,1,0,1,0,3,4,1,5,3,6
40,0.008839004,0,0,0,0.57,0,0,1,0,1,0,3,4,1,5,3,6
41,0.001894072,0,0,0,0.57,0,0,1,0,1,0,3,4,1,5,3,6
42,0.052683269,0.006833713,0,0.171717172,0.304511278,0,0,1,0,1,2,3,4,1,5,3,6
43,0.003016485,0.002277904,0.009090909,0,0.435283019,0,0,1,0,1,0,3,4,1,5,3,6
44,0.016766047,0,0,0.666666667,0.57,0,0,0.8,0,0,1,3,4,1,5,5,4
45,0.094282708,0,0,1,0.548222222,0,0,0.7,0,0,1,3,4,1,5,5,4
46,0.067414942,0.020501139,0.018181818,1,0.351895425,0,0,0.7,0,0,1,3,4,1,5,5,4
47,0.024903543,0,0,1,0.542,0,0,0.7,0,0,1,3,4,1,5,5,4
48,0.114345844,0.129840547,0.009090909,0.90625,0.358247863,0.001238203,0,0.6,0,0,1,3,4,1,5,5,4
49,0.00084181,0,0,0,0.64,0,0,0.9,0,1,0,3,4,1,5,3,6
50,0.031076815,0.018223235,0.009090909,0.416666667,0.633636364,8.60E-06,0,0.7,0,0,1,3,4,1,5,3,6
51,0.235356015,0.444191344,0.018181818,1,0.758026316,0.06577951,0,0,0,0,1,1,0,2,3,1,0
52,0.132094002,0.298405467,0.190909091,0.898039216,0.728409091,0.07881774,0,0,0,0,1,1,0,2,3,1,0
53,0.00084181,0.004555809,0.009090909,0,0.57,0,0,0.8,0,1,0,3,4,1,5,3,6
54,0.048053315,0.020501139,0.009090909,0.288659794,0.499156627,7.36E-05,0,0.7,0,1,0,3,4,1,5,3,6
55,0,0,0,0,0.86,0,0,0.7,0,1,0,2,2,3,1,3,6
56,0.028761838,0.266514806,0.281818182,0.977941176,0.342156863,0.04131468,0,0,0,0,1,1,0,2,3,1,5
57,0,0,0,0,0,0,0,0.9,0,1,2,0,3,1,2,3,6
58,0,0,0,0,0,0,0,0.9,0,1,2,0,3,1,2,3,6
59,0.003507541,0,0,0,0.57,0,0,0.7,0,1,0,2,1,1,4,3,6
60,0.041178534,0.002277904,0,0.550724638,0.64,0,0,0.5,0,0,1,3,4,1,5,6,7
61,7.02E-05,0,0,0,0.43,0,0,0.7,0,1,0,2,1,1,4,3,6
62,0.027078218,0.200455581,0.218181818,0.968992248,0.386857143,0.075977125,0,0,0,0,1,1,0,2,3,1,5
63,0,0,0,0,0,0,0,0.8,0,1,2,0,3,4,2,3,6
64,0.158470712,0.293849658,0.090909091,1,0.376683168,0.020142567,0,0,0,0,1,1,0,2,3,1,5
65,0.036759032,0.029612756,0,1,0.825384615,0,0.183333333,0,0,0,1,1,0,2,3,1,0
66,0.190459488,0.330296128,0.027272727,0.829192547,0.330375546,0.001702034,0,0,0,0,1,1,0,2,3,1,5
67,0.565485794,0.141230068,0.018181818,0.998885173,0.515671642,0.00068746,0,0,0,0,1,1,0,2,3,1,5
68,0.075692739,0.159453303,0.081818182,0.887096774,0.734,0.000130314,0,0,0,0,1,1,0,2,3,1,0
69,0.080673448,0.123006834,0.009090909,0.983606557,0.984444444,9.80E-05,0,0,0,0,1,1,0,2,3,1,0
70,0.474640477,0.08428246,0.045454545,0.995955511,0.567941177,0.000119306,0,0,0,0,1,1,0,2,3,1,5
71,0.085724307,0.129840547,0.018181818,1,0.83875,0.009295118,0,0,0,0,1,1,0,2,3,1,0
72,0.225745353,0.241457859,0,0.935543278,0.370453686,0,0,0,0,0,1,1,0,2,3,1,5
73,0.107891968,0.164009112,0.081818182,0.898550725,0.406754386,0.015376116,0,0,0,0,1,1,0,2,3,1,5
74,0.058365486,0.138952164,0.018181818,1,0.691333333,0.017779041,0,0,0,0,1,1,0,2,3,1,0
75,0.128937215,0.104783599,0.090909091,0.826446281,0.673333333,9.21E-05,0,0,0,0,1,1,0,2,3,1,0
76,0.136653806,0.066059226,0.027272727,1,0.867254902,2.30E-05,0,0,0,0,1,1,0,2,3,1,0
77,0.211294283,0.13667426,0.018181818,1,0.478502226,0.003287686,0,0,0,0,1,1,0,2,3,1,5
78,0.059417748,0.077448747,0.018181818,0.956896552,0.897586207,0.000243549,0,0,0,0,1,1,0,2,3,1,0
79,0.041388986,0.082004556,0.063636364,0.921348315,0.734736842,0.000432199,0,0,0,0,1,1,0,2,3,1,0
80,0.051280253,0.050113895,0.118181818,1,0.523333333,0,0,0,0,0,1,1,0,2,3,1,5
81,0.220975096,0.104783599,0.054545455,1,0.34786645,0.004526318,0,0,0,0,1,1,0,2,3,1,5
82,0.129919327,0.091116173,0.018181818,0.965517241,0.669041096,0,0,0,0,0,1,1,0,2,3,1,0
83,0.192844616,0.268792711,0.009090909,0.57195572,0.30011583,5.37E-05,0,0,0,0,1,1,0,2,0,6,7
84,0.013258506,0.043280182,0,0.759259259,0.416,0,0,0.2,0,0,1,1,0,2,0,6,5
85,0.17109786,0.129840547,0.027272727,0.620347395,0.287437626,6.23E-05,0.066666667,0,0,0,1,1,0,2,0,6,7
86,0.013679411,0.06833713,0.018181818,1,0.71,0.013336606,0,0,0,0,1,1,0,2,3,1,0
87,0.490564714,0.027334852,0,0.813620072,0.679473684,0,0,0,0,0,1,1,0,2,3,1,0
88,0.015643634,0.018223235,0,1,1,0,0,0,0,0,1,1,0,2,3,1,0
89,0.014521221,0.006833713,0,0.571428571,0.752142857,0,0.12,0,0,0,1,1,0,2,0,6,7
90,0.875131533,0,0,0.232283465,0.976977778,0,0,0,0,1,0,2,2,3,1,4,2
91,0.123184847,0.218678815,0.045454545,0.510909091,0.35826087,0.008112806,0,0,0,0,1,1,0,2,0,6,7
92,0.026867766,0.097949886,0.009090909,0.943820225,0.647727273,0.003301873,0,0,0,0,1,1,0,2,3,1,0
93,0.051560856,0.129840547,0.027272727,0.892156863,0.475123967,0,0,0,0,0,1,1,0,2,3,1,5
94,0.033672396,0.029612756,0.009090909,1,0.828,0.007351828,0,0,0,0,1,1,0,2,3,1,0
95,0.025254297,0.047835991,0.027272727,0.92,0.670833333,0.047361247,0,0,0,0,1,1,0,2,3,1,0
96,0.13447913,0.041002278,0.009090909,0.981818182,0.685538462,0,0,0,0,0,1,1,0,2,3,1,0
97,0.00168362,0,0,1,1,0,0,0,0,0,1,1,0,2,3,1,0
98,0.040617327,0.011389522,0,1,0.914444444,0,0,0,0,0,1,1,0,2,3,1,0
99,0,0,0,0,0,0,0,0.5,0,1,2,0,3,4,2,0,3
100,0.089091547,0.056947608,0.018181818,0.97826087,0.62,0.000204217,0,0,1,0,1,1,0,2,3,1,5
101,0.021536303,0.009111617,0,1,0.93,0,0,0,1,0,1,1,0,2,3,1,0
102,0.019221326,0.01594533,0,1,0.903333333,0,0,0,1,0,1,1,0,2,3,1,0
103,0.029603648,0.070615034,0.018181818,0.972972973,0.628333333,0,0,0,1,0,1,1,0,2,3,1,5
104,0.016836198,0.186788155,0.018181818,0.814814815,0.278970588,0.027682211,0,0,1,0,1,1,0,2,3,1,5
105,0.045387583,0,0,1,0.94,0,0,0,1,0,1,1,0,2,3,1,0
106,0.057944581,0.134396355,0.027272727,0.991689751,0.286650246,0.001059609,0,0,1,0,1,1,0,2,3,1,5
107,0.014801824,0,0,1,0.965,0,0,0,1,0,1,1,0,2,3,1,0
108,0.064117853,0.056947608,0.027272727,1,0.57875,0,0,0,1,0,1,1,0,2,3,1,5
109,0.117502631,0.029612756,0.009090909,1,0.701764706,0,0,0,1,0,1,1,0,2,3,1,0
110,0.086495966,0,0,0.95,0.913730769,0,0,0,1,0,1,1,0,2,3,1,0
111,0.03402315,0.056947608,0.081818182,0.641025641,0.71,0.004977196,0,0,1,0,1,1,0,2,0,6,0
112,0.006243423,0.027334852,0,1,0.831875,0,0,0,1,0,1,1,0,2,3,1,0
113,0.032900737,0,0,1,0.913730769,0,0,0,1,0,1,1,0,2,3,1,0
114,0.067695545,0.004555809,0,1,0.859166667,0,0,0,1,0,1,1,0,2,3,1,0
115,0.018169063,0.045558087,0,1,0.74,0,0,0,1,0,1,1,0,2,3,1,0
116,0.013118204,0,0,1,0.922727273,0,0,0,1,0,1,1,0,2,3,1,0
117,0.012346545,0,0,1,0.9158,0,0,0,1,0,1,1,0,2,3,1,0
118,0.001262715,0.01594533,0,1,0.86,0,0,0,1,0,1,1,0,2,3,1,0
119,0.071132936,0.022779043,0.018181818,1,0.686603774,0,0,0,1,0,1,1,0,2,3,1,0
120,0.010943529,0.025056948,0,1,0.802,0,0,0,1,0,1,1,0,2,3,1,0
121,0.008137496,0.006833713,0,1,0.87625,0,0,0,1,0,1,1,0,2,3,1,0
122,0.021746756,0,0,0.882352941,0.9942,0,0,0,1,0,1,1,0,2,3,1,0
123,0.066853736,0,0,1,0.831276596,0,0,0,1,0,1,1,0,2,3,1,0
124,0.017327254,0.004555809,0,1,0.86,0,0,0,1,0,1,1,0,2,3,1,0
125,0.036759032,0,0,1,0.858164464,0,0,0,1,0,1,1,0,2,3,1,0
126,0.006664328,0.006833713,0,1,0.86,0,0,0,1,0,1,1,0,2,3,1,0
127,0.181199579,0.006833713,0,1,0.685208333,0,0,0,1,0,1,1,0,2,3,1,0
128,0.118344441,0,0,0.85483871,0.918525896,0,0,0,1,0,1,1,0,2,3,1,0
129,0.033391792,0.009111617,0,1,0.818,0,0,0,1,0,1,1,0,2,3,1,0
130,0.080182392,0.009111617,0,1,0.77,0,0,0,1,0,1,1,0,2,3,1,0
131,0.004489653,0.043280182,0.090909091,1,0.340909091,0,0,0,1,0,1,1,0,2,3,1,5
132,0.294984216,0.004555809,0,0.75,0.8108,0,0,0,1,0,1,1,0,2,3,1,0
133,0.079551035,0.01594533,0.009090909,0.983050847,0.705609756,0,0,0,1,0,1,1,0,2,3,1,0
134,0.012136093,0,0,0.875,0.976666667,0,0,0,1,0,1,1,0,2,3,1,0
135,0.047562259,0.006833713,0,1,0.786666667,0,0,0,1,0,1,1,0,2,3,1,0
136,0.017257103,0.006833713,0.009090909,1,0.764545455,0,0,0,1,0,1,1,0,2,3,1,0
137,0.012206243,0.020501139,0,1,0.75,0,0,0,1,0,1,1,0,2,3,1,0
138,0.052472817,0.072892938,0.018181818,1,0.4235,0.00148163,0,0,1,0,1,1,0,2,3,1,5
139,0.055910207,0,0,1,0.787083333,0,0,0,1,0,1,1,0,2,3,1,0
140,0.04426517,0,0,1,0.798461538,0,0,0,1,0,1,1,0,2,3,1,0
141,0.014801824,0.018223235,0,1,0.744,0,0,0,1,0,1,1,0,2,3,1,0
142,0.018169063,0.025056948,0,1,0.71,0,0,0,1,0,1,1,0,2,3,1,0
143,0.006103122,0.002277904,0,0.8,1,0,0,0,1,0,1,1,0,2,3,1,0
144,0.050929498,0.004555809,0.009090909,1,0.706283186,0,0,0,1,0,1,1,0,2,3,1,0
145,0.022518415,0.045558087,0,0.938271605,0.6575,0,0,0,1,0,1,1,0,2,3,1,0
146,0.13272536,0.08428246,0.090909091,0.569306931,0.394222222,0,0,0,1,0,1,1,0,2,0,6,7
147,0.007295686,0,0,1,0.785,0,0,0,1,0,1,1,0,2,3,1,0
148,0.009189758,0.004555809,0,0.8,0.958,0,0,0,1,0,1,1,0,2,3,1,0
149,0.010592774,0.029612756,0.063636364,0.878787879,0.503888889,0.007410758,0,0,1,0,1,1,0,2,3,1,5
150,0.087337776,0,0,0.833333333,0.86,0,0,0,1,0,1,1,0,2,3,1,0
151,0.009821115,0.004555809,0.009090909,1,0.71,0,0,0,1,0,1,1,0,2,3,1,0
152,0.070431428,0.027334852,0.027272727,0.769911504,0.708888889,0.001840107,0,0,1,0,1,1,0,2,3,1,0
153,0.076183795,0.013667426,0,0.980392157,0.659444444,0,0,0,1,0,1,1,0,2,3,1,0
154,0.009821115,0,0,1,0.76,0,0,0,1,0,1,1,0,2,3,1,0
155,0.015643634,0,0,1,0.753571429,0,0,0,1,0,1,1,0,2,3,1,0
156,0.06039986,0.006833713,0,0.75,0.93,0,0,0,1,0,1,1,0,2,3,1,0
157,0.013118204,0,0,1,0.7525,0,0,0,1,0,1,1,0,2,3,1,0
158,0.014661522,0.022779043,0,0.933333333,0.720333333,0,0,0,1,0,1,1,0,2,3,1,0
159,0.018169063,0.011389522,0,1,0.686666667,0,0,0,1,0,1,1,0,2,3,1,0
160,0.002104525,0.009111617,0,1,0.71,0,0,0,1,0,1,1,0,2,3,1,0
161,0.037600842,0,0,1,0.71,0,0,0,1,0,1,1,0,2,3,1,0
162,0.016555595,0.004555809,0,0.9,0.811111111,0,0,0,1,0,1,1,0,2,3,1,0
163,0.113854788,0.045558087,0,0.8,0.647272727,0,0,0,1,0,1,1,0,2,3,1,0
164,0.006453876,0.009111617,0,0.7,1,0,0,0,1,0,1,1,0,2,3,1,0
165,0.028270782,0,0,1,0.71,0,0,0,1,0,1,1,0,2,3,1,0
166,0.044966678,0.011389522,0,1,0.644375,0,0,0,1,0,1,1,0,2,3,1,5
167,0.008277797,0.006833713,0,1,0.698888889,0,0,0,1,0,1,1,0,2,3,1,0
168,0.012486847,0.006833713,0.018181818,1,0.620909091,0,0,0,1,0,1,1,0,2,3,1,5
169,0.066152227,0.013667426,0.009090909,0.976190476,0.6,0,0,0,1,0,1,1,0,2,3,1,5
170,0.027499123,0,0,1,0.7044,0,0,0,1,0,1,1,0,2,3,1,0
171,0.016625745,0.013667426,0.009090909,1,0.607333333,0.006294196,0,0,1,0,1,1,0,2,3,1,5
172,0.016345142,0.013667426,0,0.916666667,0.736086957,0,0,0,1,0,1,1,0,2,3,1,0
173,0.114345844,0,0,1,0.608873239,0,0,0,1,0,1,1,0,2,3,1,5
174,0.003647843,0.002277904,0,1,0.71,0,0,0,1,0,1,1,0,2,3,1,0
175,0.008698702,0,0,1,0.71,0,0,0,1,0,1,1,0,2,3,1,0
176,0.382181691,0.134396355,0.027272727,0.384864865,0.300153022,0.002399017,0,0,1,1,2,0,1,4,0,6,7
177,0.01360926,0.063781321,0.036363636,0.953488372,0.350869565,0,0,0,1,0,1,1,0,2,3,1,5
178,0.021746756,0.036446469,0,1,0.550909091,0,0,0,1,0,1,1,0,2,3,1,5
179,0.037670993,0.002277904,0,1,0.67,0,0,0,1,0,1,1,0,2,3,1,0
180,0.094633462,0.01594533,0,1,0.55776699,0,0,0,1,0,1,1,0,2,3,1,5
181,0.001823921,0,0,1,0.71,0,0,0,1,0,1,1,0,2,3,1,0
182,0.036197825,0.041002278,0,0.989690722,0.521,0,0,0,1,0,1,1,0,2,3,1,5
183,0.084742196,0,0,1,0.625,0,0,0,1,0,1,1,0,2,3,1,5
184,0.038933707,0,0,1,0.670787037,0,0,0,1,0,1,1,0,2,3,1,0
185,0.150333216,0.034168565,0.027272727,0.75,0.56325,2.66E-05,0,0,1,0,1,1,0,2,3,1,5
186,0.01704665,0.011389522,0.009090909,1,0.6084,0,0,0,1,0,1,1,0,2,3,1,5
187,0.139670291,0.0523918,0,0.930232558,0.42468254,0,0,0,1,0,1,1,0,2,3,1,5
188,0.005401613,0.009111617,0,0.8,0.86,0,0,0,1,0,1,1,0,2,3,1,0
189,0.100315679,0.006833713,0,0.9125,0.660465116,0,0,0,1,0,1,1,0,2,3,1,0
190,0.006032971,0,0,1,0.692218045,0,0,0,1,0,1,1,0,2,3,1,0
191,0.116801122,0.025056948,0,0.481132075,1,0,0,0,1,0,1,1,2,2,0,6,0
192,0.017467555,0.009111617,0,1,0.64,0,0,0,1,0,1,1,0,2,3,1,5
193,0.007435987,0.004555809,0,0.857142857,0.81,0,0,0,1,0,1,1,0,2,3,1,0
194,0.008207646,0.009111617,0.018181818,1,0.57,0,0,0,1,0,1,1,0,2,3,1,5
195,0.021816906,0,0,1,0.662241379,0,0,0,1,0,1,1,0,2,3,1,0
196,0.008839004,0,0,1,0.675,0,0,0,1,0,1,1,0,2,3,1,0
197,0.00933006,0,0,1,0.671818182,0,0,0,1,0,1,1,0,2,3,1,0
198,0.008137496,0.011389522,0,1,0.627068966,0,0,0,1,0,1,1,0,2,3,1,5
199,0.012697299,0.006833713,0,1,0.64,0,0,0,1,0,1,1,0,2,3,1,5
200,0.007225535,0.009111617,0,1,0.635882353,0,0,0,1,0,1,1,0,2,3,1,5
201,0.007786741,0.025056948,0,1,0.57,0,0,0,1,0,1,1,0,2,3,1,5
202,0.027428972,0.027334852,0,1,0.537378641,0,0,0,1,0,1,1,0,2,3,1,5
203,0.004770256,0.041002278,0.009090909,0.608695652,0.86,0,0,0,1,0,1,1,0,2,0,6,0
204,0.426236408,0.006833713,0,0.752873563,0.467155743,0,0,0,1,0,1,1,0,2,3,1,5
205,0.005261312,0.036446469,0,0.8125,0.71,0,0,0,1,0,1,1,0,2,3,1,0
206,0.019361627,0,0,0.789473684,0.86,0,0,0,1,0,1,1,0,2,3,1,0
207,0.057172922,0.113895216,0.018181818,0.608108108,0.43,0.020381277,0,0,1,0,1,1,0,2,0,6,7
208,0.017397404,0.011389522,0,0.689655172,0.903333333,0,0,0,1,0,1,1,0,2,3,1,0
209,0.007435987,0.018223235,0,1,0.57,0,0,0,1,0,1,1,0,2,3,1,5
210,0.056401263,0.077448747,0,0.708333333,0.574242424,0,0,0,1,0,1,1,0,2,0,6,5
211,0.092949842,0,0,0.555555556,1,0,0,0,1,0,1,1,0,2,0,6,0
212,0.010662925,0.002277904,0,0.916666667,0.712,0,0,0,1,0,1,1,0,2,3,1,0
213,0.001332866,0,0,1,0.645,0,0,0,1,0,1,1,0,2,3,1,5
214,0.013188355,0,0,1,0.632222222,0,0,0,1,0,1,1,0,2,3,1,5
215,0.073658365,0,0,1,0.57,0,0,0,1,0,1,1,0,2,3,1,5
216,0.048965275,0.022779043,0.027272727,1,0.376041667,0.008989866,0,0,1,0,1,1,0,2,3,1,5
217,0.002735882,0.004555809,0,1,0.620909091,0,0,0,1,0,1,1,0,2,3,1,5
218,0.008768853,0.004555809,0,1,0.612,0,0,0,1,0,1,1,0,2,3,1,5
219,0.029884251,0.004555809,0.009090909,1,0.55096,0.001354284,0,0,1,0,1,1,0,2,3,1,5
220,0.01704665,0.01594533,0.009090909,1,0.5196,3.01E-05,0,0,1,0,1,1,0,2,3,1,5
221,0.002034374,0.01594533,0,1,0.567333333,0,0,0,1,0,1,1,0,2,3,1,5
222,0.094843914,0.01594533,0,0.721804511,0.75,0,0,0,1,0,1,1,0,2,3,1,0
223,0.003016485,0.020501139,0,1,0.542,0,0,0,1,0,1,1,0,2,3,1,5
224,0.010382322,0.011389522,0,1,0.57,0,0,0,1,0,1,1,0,2,3,1,5
225,0.003016485,0.006833713,0,1,0.595,0,0,0,1,0,1,1,0,2,3,1,5
226,0.081024202,0.063781321,0,1,0.283073395,0,0,0,1,0,1,1,0,2,3,1,5
227,0.010452473,0,0,1,0.608181818,0,0,0,1,0,1,1,0,2,3,1,5
228,0.113644335,0.063781321,0.018181818,0.880597015,0.294819277,0,0,0,1,0,1,1,0,2,3,1,5
229,0.048684672,0.011389522,0,1,0.517027027,0,0,0,1,0,1,1,0,2,3,1,5
230,0.023149772,0.004555809,0,0.709677419,0.86,0,0,0,1,0,1,1,0,2,3,1,0
231,0.019361627,0.006833713,0.009090909,0.863636364,0.658,0,0,0,1,0,1,1,0,2,3,1,0
232,0.13188355,0.018223235,0,1,0.398515498,0,0,0,1,0,1,1,0,2,3,1,5
233,0.003297089,0.006833713,0,0.8,0.772,0,0,0,1,0,1,1,0,2,3,1,0
234,0.010312171,0.009111617,0,0.625,0.93,0,0,0,1,0,1,1,0,2,0,6,0
235,0.038653104,0,0,0.947368421,0.615681818,0,0,0,1,0,1,1,0,2,3,1,5
236,0,0,0,0,0,0,0,0.4,1,1,2,0,3,4,2,0,3
237,0.009961417,0.002277904,0,0.75,0.83,0,0,0,1,0,1,1,0,2,3,1,0
238,0.063767099,0.027334852,0,0.772727273,0.650606061,0,0,0,1,0,1,1,0,2,3,1,0
239,0.033742546,0.009111617,0,0.923076923,0.602307692,0,0,0,1,0,1,1,0,2,3,1,5
240,0.027358821,0,0,1,0.565307263,0,0,0,1,0,1,1,0,2,3,1,5
241,0.066222378,0.002277904,0.009090909,0.925925926,0.554444444,0,0,0,1,0,1,1,0,2,3,1,5
242,0.049456331,0,0,1,0.542,0,0,0,1,0,1,1,0,2,3,1,5
243,0.027148369,0.011389522,0.009090909,0.7375,0.743684211,0,0,0,1,0,1,1,0,2,3,1,0
244,0.010101719,0.027334852,0.009090909,0.821428571,0.613,0,0,0,1,0,1,1,0,2,3,1,5
245,0.019221326,0,0,1,0.569720559,0,0,0,1,0,1,1,0,2,3,1,5
246,0.038372501,0.013667426,0,1,0.495777778,0,0,0,1,0,1,1,0,2,3,1,5
247,0.018028762,0,0,1,0.57,0,0,0,1,0,1,1,0,2,3,1,5
248,0.005401613,0.002277904,0,1,0.57,0,0,0,1,0,1,1,0,2,3,1,5
249,0.045177131,0.047835991,0.027272727,0.726190476,0.505833333,0.001797113,0,0,1,0,1,1,0,2,0,6,5
250,0.011013679,0,0,1,0.57,0,0,0,1,0,1,1,0,2,3,1,5
251,0.038162048,0,0,0.846153846,0.696666667,0,0,0,1,0,1,1,0,2,3,1,0
252,0.010522624,0,0,1,0.57,0,0,0,1,0,1,1,0,2,3,1,5
253,0.02293932,0.109339408,0,0.811320755,0.3018,0,0,0,1,0,1,1,0,2,3,1,5
254,0.001964223,0,0,1,0.57,0,0,0,1,0,1,1,0,2,3,1,5
255,0.001052262,0,0,1,0.57,0,0,0,1,0,1,1,0,2,3,1,5
256,0.144370396,0.004555809,0.009090909,0.828070175,0.539404389,0,0,0,1,0,1,1,0,2,3,1,5
257,0.023640828,0,0,1,0.542,0,0,0,1,0,1,1,0,2,3,1,5
258,0.007856892,0,0,0.823529412,0.732857143,0,0,0,1,0,1,1,0,2,3,1,0
259,0.031357418,0.038724374,0,0.923076923,0.45,0,0,0,1,0,1,1,0,2,3,1,5
260,0.081515258,0.011389522,0,0.828125,0.6036,0,0,0,1,0,1,1,0,2,3,1,5
261,0.002946335,0.013667426,0.009090909,0.954545455,0.43,0.038177912,0,0,1,0,1,1,0,2,3,1,5
262,0.015012276,0.011389522,0,0.923076923,0.57,0,0,0,1,0,1,1,0,2,3,1,5
263,0.057102771,0.077448747,0.018181818,0.746478873,0.366157989,0,0,0,1,0,1,1,0,2,0,6,5
264,0.002104525,0,0,1,0.546666667,0,0,0,1,0,1,1,0,2,3,1,5
265,0.003016485,0.004555809,0,0.666666667,0.86,0,0,0,1,0,1,1,0,2,3,1,0
266,0.012136093,0,0,0.888888889,0.646,0,0,0,1,0,1,1,0,2,3,1,0
267,0.008418099,0.020501139,0.009090909,0.888888889,0.528,0,0,0,1,0,1,1,0,2,3,1,5
268,0.014942126,0.031890661,0,1,0.400434783,0,0,0,1,0,1,1,0,2,3,1,5
269,0.044966678,0.070615034,0.009090909,0.625766871,0.55,0,0,0,1,0,1,1,0,2,0,6,7
270,0.044124868,0.013667426,0,0.978723404,0.458823529,0,0,0,1,0,1,1,0,2,3,1,5
271,0.003647843,0.004555809,0,0.8,0.71,0,0,0,1,0,1,1,0,2,3,1,0
272,0.041178534,0.002277904,0,0.875,0.599675994,0,0,0,1,0,1,1,0,2,3,1,5
273,0.012627148,0,0,0.916666667,0.593333333,0,0,0,1,0,1,1,0,2,3,1,5
274,0.011574886,0,0,0.8,0.71,0,0,0,1,0,1,1,0,2,3,1,0
275,0.017327254,0.004555809,0,1,0.484782609,0,0,0,1,0,1,1,0,2,3,1,5
276,0.009610663,0,0,0.647058824,0.86,0,0,0,1,0,1,1,0,2,0,6,0
277,0.035566468,0.009111617,0,0.888888889,0.553958333,0,0,0,1,0,1,1,0,2,3,1,5
278,0.018870572,0.025056948,0,0.658536585,0.731428571,0,0,0,1,0,1,1,0,2,0,6,0
279,0.026797615,0.006833713,0.018181818,1,0.375795454,0,0,0,1,0,1,1,0,2,3,1,5
280,0.012977902,0,0,1,0.486,0,0,0,1,0,1,1,0,2,3,1,5
281,0.013679411,0.022779043,0,1,0.389354839,0,0,0,1,0,1,1,0,2,3,1,5
282,0.017116801,0,0,0.833333333,0.6435,0,0,0,1,0,1,1,0,2,3,1,0
283,0.127253595,0.050113895,0,0.595505618,0.57,0,0,0,1,0,1,1,0,2,0,6,7
284,0.026937917,0.004555809,0.009090909,0.666666667,0.736666667,3.01E-05,0,0,1,0,1,1,0,2,0,6,0
285,0.061732725,0.002277904,0,0.5,0.913730769,0,0,0,1,0,1,1,0,2,0,6,0
286,0.004629954,0.011389522,0,1,0.43,0,0,0,1,0,1,1,0,2,3,1,5
287,0.006243423,0.009111617,0.009090909,0.888888889,0.492777778,0.009243526,0,0,1,0,1,1,0,2,3,1,5
288,0.001192564,0.006833713,0,0.875,0.57,0,0,0,1,0,1,1,0,2,3,1,5
289,0.001894072,0.004555809,0,1,0.453333333,0,0,0,1,0,1,1,0,2,3,1,5
290,0.003016485,0,0,0.9,0.57,0,0,0,1,0,1,1,0,2,3,1,5
291,0.021536303,0.013667426,0.009090909,0.869565217,0.49,0,0,0,1,0,1,1,0,2,3,1,5
292,0.038933707,0,0,1,0.43,0,0,0,1,0,1,1,0,2,3,1,5
293,0.071904595,0.066059226,0.027272727,0.413249211,0.303896104,0.033260426,0.04,0,1,1,2,0,1,4,0,6,7
294,0.049105577,0,0,0.675,0.744230769,0,0,0,1,0,1,1,0,2,0,6,0
295,0.007085233,0.009111617,0,0.7,0.723846154,0,0,0,1,0,1,1,0,2,3,1,0
296,0.058505787,0.002277904,0,0.823529412,0.576086957,0,0,0,1,0,1,1,0,2,3,1,5
297,0.008347948,0.038724374,0.009090909,0.607843137,0.656,3.52E-05,0,0,1,0,1,1,0,2,0,6,7
298,0.011153981,0,0,1,0.444583333,0,0,0,1,0,1,1,0,2,3,1,5
299,0.004209049,0,0,0.9,0.55,0,0,0,1,0,1,1,0,2,3,1,5
300,0.007295686,0,0,0.875,0.57,0,0,0,1,0,1,1,0,2,3,1,5
301,0.00168362,0.009111617,0,1,0.404545455,0,0,0,1,0,1,1,0,2,3,1,5
302,0.01276745,0,0,1,0.428666667,0,0,0,1,0,1,1,0,2,3,1,5
303,0.002806033,0.002277904,0,0.833333333,0.591428571,0,0,0,1,0,1,1,0,2,3,1,5
304,0.069449316,0,0,0.454545455,0.912615385,0,0,0,1,0,0,1,2,3,0,6,7
305,0.01017187,0.013667426,0.009090909,0.75,0.58,0,0,0,1,0,1,1,0,2,3,1,5
306,0.002034374,0,0,0.857142857,0.57,0,0,0,1,0,1,1,0,2,3,1,5
307,0.070150824,0,0,0.967391304,0.389473684,0,0,0,1,0,1,1,0,2,3,1,5
308,0.031567871,0.095671982,0.018181818,0.387596899,0.53,0.010232368,0,0,1,1,0,2,1,3,0,6,7
309,0.083128727,0.0523918,0.018181818,0.748502994,0.310813954,0,0,0,1,0,1,1,0,2,0,6,5
310,0.08684672,0.059225513,0,0.666666667,0.43,0,0,0,1,0,1,1,0,2,0,6,7
311,0.014871975,0,0,0.545454545,0.86,0,0,0,1,0,1,1,0,2,0,6,0
312,0.011153981,0.020501139,0.009090909,1,0.289545455,0,0,0,1,0,1,1,0,2,3,1,5
313,0.011574886,0,0,0.833333333,0.57,0,0,0,1,0,1,1,0,2,3,1,5
314,0.005892669,0,0,1,0.404452555,0,0,0,1,0,1,1,0,2,3,1,5
315,0.056260961,0.009111617,0,0.888324873,0.429171598,0,0,0,1,0,1,1,0,2,3,1,5
316,0.001823921,0,0,0.833333333,0.560277778,0,0,0,1,0,1,1,0,2,3,1,5
317,0.010522624,0,0,0.857142857,0.526666667,0,0,0,1,0,1,1,0,2,3,1,5
318,0.021396001,0.022779043,0.009090909,0.583333333,0.658148148,0.000692774,0,0,1,0,1,1,0,2,0,6,7
319,0.003577692,0,0,0.6,0.785,0,0,0,1,0,1,1,0,2,0,6,0
320,0.012065942,0.011389522,0,0.466666667,0.86,0,0,0,1,0,1,1,2,2,0,6,7
321,0.028621536,0.011389522,0,0.85,0.459285714,0,0,0,1,0,1,1,0,2,3,1,5
322,0.050368292,0,0,0.9375,0.394263566,0,0,0,1,0,1,1,0,2,3,1,5
323,0.041529288,0.020501139,0.045454545,0.717105263,0.348039216,0.005235705,0,0,1,0,1,1,0,2,0,6,5
324,0.005892669,0.01594533,0.045454545,0.7,0.410909091,0,0,0,1,0,1,1,0,2,0,6,5
325,0.012486847,0,0,0.4,0.9475,0,0,0,1,0,0,2,2,3,1,4,2
326,0.029252894,0,0,0.777777778,0.55,0,0,0,1,0,1,1,0,2,3,1,5
327,0.004700105,0.020501139,0,0.619047619,0.45,0,0.0332,0,1,0,1,1,0,2,0,6,7
328,0.025324448,0.009111617,0,1,0.292916667,0,0,0,1,0,1,1,0,2,3,1,5
329,0.010382322,0.002277904,0,1,0.326296296,0,0,0,1,0,1,1,0,2,3,1,5
330,0.002806033,0,0,0.769230769,0.57,0,0,0,1,0,1,1,0,2,3,1,5
331,0.057243073,0.06833713,0.018181818,0.623853211,0.302307692,0.004933463,0,0,1,0,1,1,0,2,0,6,7
332,0.049596633,0.047835991,0,0.547945205,0.538461539,0,0,0,1,0,1,1,0,2,0,6,7
333,0.052262364,0.120728929,0,0.516363636,0.274143646,0,0,0,1,0,1,1,0,2,0,6,7
334,0.010522624,0.006833713,0,0.714285714,0.57,0,0,0,1,0,1,1,0,2,0,6,5
335,0.018239214,0.002277904,0,0.588235294,0.686666667,0,0,0,1,0,1,1,0,2,0,6,7
336,0.043493511,0.006833713,0,0.704081633,0.519275362,0,0,0,1,0,1,1,0,2,0,6,5
337,0.195580498,0,0,0.570469799,0.5240625,0,0,0,1,0,1,1,0,2,0,6,7
338,0.008628551,0.006833713,0,0.833333333,0.420666667,0,0,0,1,0,1,1,0,2,3,1,5
339,0.004910558,0.004555809,0.009090909,0.75,0.476666667,0,0,0,1,0,1,1,0,2,0,6,5
340,0.024552788,0.004555809,0,0.666666667,0.57,0,0,0,1,0,1,1,0,2,0,6,7
341,0.002806033,0.036446469,0,0.653846154,0.476666667,0,0,0,1,0,1,1,0,2,0,6,7
342,0.004700105,0,0,1,0.271111111,0,0,0,1,0,1,1,0,2,3,1,5
343,0.004349351,0,0,0.7,0.57,0,0,0,1,0,1,1,0,2,0,6,5
344,0.003788145,0,0,0.7,0.57,0,0,0,1,0,1,1,0,2,0,6,5
345,0.02721852,0.009111617,0.009090909,0.791666667,0.3812,0,0,0,1,0,1,1,0,2,3,1,5
346,0.026025956,0.002277904,0,0.942708333,0.291494253,0,0,0,1,0,1,1,0,2,3,1,5
347,0.032409681,0.045558087,0.009090909,0.639344262,0.368127854,0,0,0,1,0,1,1,0,2,0,6,7
348,0.055910207,0,0,0.2,1,0,0,0,1,1,0,2,2,3,1,4,2
349,0.025184146,0,0,0.555555556,0.671428571,0,0,0,1,0,1,1,0,2,0,6,7
350,0.010522624,0,0,0.666666667,0.57,0,0,0,1,0,1,1,0,2,0,6,7
351,0.003156787,0.002277904,0,0.952380952,0.275365854,0,0,0,1,0,1,1,0,2,3,1,5
352,0.00252543,0.002277904,0.009090909,0.714285714,0.476666667,0,0,0,1,0,1,1,0,2,0,6,5
353,0.002034374,0.006833713,0.009090909,0.875,0.29,0.002201249,0,0,1,0,1,1,0,2,3,1,5
354,0.025464749,0,0,0.636363636,0.565625,0,0,0,1,0,1,1,0,2,0,6,7
355,0.00336724,0.002277904,0,0.5,0.71,0,0,0,1,0,1,1,0,2,0,6,7
356,0.009610663,0,0,0.2,1,0,0,0,1,1,0,2,2,3,1,4,2
357,0.001964223,0,0,0.7,0.5,0,0,0,1,0,1,1,0,2,0,6,5
358,0.01192564,0.002277904,0,0.375,0.7925,0,0,0,1,1,0,2,2,3,0,6,7
359,0.013960014,0,0,0.291666667,0.872727273,0,0,0,1,1,0,2,2,3,1,4,2
360,0.00764644,0,0,0.6,0.57,0,0,0,1,0,1,1,0,2,0,6,7
361,0.014030165,0,0,0.733333333,0.43,0,0,0,1,0,1,1,0,2,0,6,5
362,0.372079972,0.034168565,0,0.317241379,0.329841521,0,0,0,1,1,2,0,1,4,0,6,7
363,0.014731673,0,0,0.428571429,0.711111111,0,0,0,1,0,0,2,2,3,0,6,7
364,0.005752368,0,0,0.857142857,0.287654321,0,0,0,1,0,1,1,0,2,3,1,5
365,0.160294633,0.050113895,0.018181818,0.381147541,0.334441524,0,0,0,1,1,2,0,1,4,0,6,7
366,0.005050859,0.004555809,0,0.6,0.523333333,0,0,0,1,0,1,1,0,2,0,6,7
367,0.01024202,0.002277904,0,0.678571429,0.448421053,0,0,0,1,0,1,1,0,2,0,6,7
368,0.006944932,0.006833713,0,0.666666667,0.442941177,0,0,0,1,0,1,1,0,2,0,6,7
369,0.007225535,0,0,0.571428571,0.562631579,0,0,0,1,0,1,1,0,2,0,6,7
370,0.009470361,0,0,0.4,0.73,0,0,0,1,1,0,2,2,3,0,6,7
371,0.018449667,0,0,0.142857143,0.976666667,0,0,0,1,1,0,2,2,3,1,4,2
372,0.039284462,0,0,0.2,0.897857143,0,0,0,1,1,0,2,2,3,1,4,2
373,0.003717994,0.013667426,0,0.769230769,0.3,0,0,0,1,0,1,1,0,2,0,6,5
374,0.008347948,0,0,0.380952381,0.732857143,0,0,0,1,1,0,2,2,3,0,6,7
375,0.008067345,0.011389522,0,0.457142857,0.608181818,0,0,0,1,0,1,1,0,2,0,6,7
376,0.016906349,0.002277904,0,0.571428571,0.52,0,0,0,1,0,1,1,0,2,0,6,7
377,0.006383725,0,0,0.4,0.71,0,0,0,1,1,0,2,2,3,0,6,7
378,0.011224132,0.004555809,0,0,0.43,0,0.109266667,0,1,1,0,2,1,4,4,2,1
379,0.008347948,0.004555809,0,0.666666667,0.402,0,0,0,1,0,1,1,0,2,0,6,7
380,0.012276394,0.009111617,0,0.384615385,0.654,0,0,0,1,1,0,2,2,3,0,6,7
381,0.051841459,0.013667426,0,0.340909091,0.638285714,0,0,0,1,1,0,2,2,3,0,6,7
382,0.180217468,0.059225513,0.009090909,0.289644013,0.322283814,0.002311311,0,0,1,1,2,0,1,4,0,6,7
383,0.003086636,0,0,0.375,0.682,0,0,0,1,1,0,2,2,3,0,6,7
384,0.004209049,0.002277904,0,0.5,0.545652174,0,0,0,1,0,1,1,0,2,0,6,7
385,0.01024202,0.018223235,0,0.545454545,0.43,0,0,0,1,0,1,1,0,2,0,6,7
386,0.027990179,0.002277904,0.009090909,0.414634146,0.57,0,0,0,1,1,0,2,1,3,0,6,7
387,0.003507541,0.002277904,0,0.473684211,0.57,0,0,0,1,0,1,1,0,2,0,6,7
388,0.020343739,0.011389522,0,0.425,0.557826087,0,0,0,1,1,0,2,1,3,0,6,7
389,0.008067345,0,0,0.5,0.54,0,0,0,1,0,1,1,0,2,0,6,7
390,0.118835496,0,0,0.068965517,0.857058824,0,0,0,1,1,0,2,2,3,1,4,2
391,0.032199228,0,0,0,1,0,0,0,1,1,0,2,2,3,1,4,2
392,0.000982112,0,0,0.6,0.43,0,0,0,1,0,1,1,0,2,0,6,7
393,0.030515609,0,0,0,1,0,0,0,1,1,0,2,2,3,1,4,2
394,0.003507541,0,0,0.5,0.523333333,0,0,0,1,0,1,1,0,2,0,6,7
395,0.025184146,0,0,0,1,0,0,0,1,1,0,2,2,3,1,4,2
396,0.004349351,0.004555809,0,0,1,0,0,0,1,1,0,2,2,3,1,4,2
397,0.004209049,0.004555809,0,0,1,0,0,0,1,1,0,2,2,3,1,4,2
398,0.019081024,0,0,0,1,0,0,0,1,1,0,2,2,3,1,4,2
399,0.007786741,0,0,0.571428571,0.43875,0,0,0,1,0,1,1,0,2,0,6,7
400,0.017818309,0,0,0,1,0,0,0,1,1,0,2,2,3,1,4,2
401,0.015082427,0,0,0,1,0,0,0,1,1,0,2,2,3,1,4,2
402,0.014100316,0,0,0,1,0,0,0,1,1,0,2,2,3,1,4,2
403,0.011645037,0,0,0,1,0,0,0,1,1,0,2,2,3,1,4,2
404,0.002314977,0.002277904,0,0,1,0,0,0,1,1,0,2,2,3,1,4,2
405,0.01024202,0,0,0,0.998679245,0,0,0,1,1,0,2,2,3,1,4,2
406,0.008418099,0,0,0,1,0,0,0,1,1,0,2,2,3,1,4,2
407,0.006453876,0,0,0,1,0,0,0,1,1,0,2,2,3,1,4,2
408,0.009470361,0.006833713,0.009090909,0.5,0.43,0.000937251,0,0,1,0,1,1,0,2,0,6,7
409,0.003016485,0,0,0,1,0,0,0,1,1,0,2,2,3,1,4,2
410,0.002876184,0,0,0,1,0,0,0,1,1,0,2,2,3,1,4,2
411,0.002314977,0,0,0,1,0,0,0,1,1,0,2,2,3,1,4,2
412,0.001543318,0,0,0,1,0,0,0,1,1,0,2,2,3,1,4,2
413,0.000771659,0,0,0,1,0,0,0,1,1,0,2,2,3,1,4,2
414,0.000140302,0,0,0,1,0,0,0,1,1,0,2,2,3,1,4,2
415,0.000140302,0,0,0,1,0,0,0,1,1,0,2,2,3,1,4,2
416,0,0,0,0,1,0,0,0,1,1,0,2,2,3,1,4,2
417,0,0,0,0,1,0,0,0,1,1,0,2,2,3,1,4,2
418,0,0,0,0,1,0,0,0,1,1,0,2,2,3,1,4,2
419,0,0,0,0,1,0,0,0,1,1,0,2,2,3,1,4,2
420,0,0,0,0,1,0,0,0,1,1,0,2,2,3,1,4,2
421,0.007786741,0.002277904,0,0.272727273,0.71,0,0,0,1,1,0,2,2,3,1,4,2
422,0.000911961,0,0,0.6,0.383333333,0,0,0,1,0,1,1,0,2,0,6,7
423,0.006524027,0,0,0,0.974545455,0,0,0,1,1,0,2,2,3,1,4,2
424,0.016906349,0.004555809,0,0.583333333,0.361,0,0,0,1,0,1,1,0,2,0,6,7
425,0.009540512,0.027334852,0,0.395061728,0.462307692,0,0,0,1,1,0,2,1,3,0,6,7
426,0.000420905,0.002277904,0.009090909,0,0.93,6.88E-06,0,0,1,1,0,2,2,3,1,4,2
427,0.015082427,0,0,0.272727273,0.686666667,0,0,0,1,1,0,2,2,3,1,4,7
428,0.018449667,0.011389522,0,0.458333333,0.45,0,0,0,1,1,1,1,1,2,0,6,7
429,0.027920028,0,0,0.505747126,0.437368421,0,0,0,1,0,1,1,0,2,0,6,7
430,0.010592774,0,0,0.25,0.71,0,0,0,1,1,0,2,2,3,1,4,2
431,0.022307962,0.020501139,0,0.30075188,0.565,0,0,0,1,1,0,2,1,3,0,6,7
432,0.020694493,0,0,0,0.942666667,0,0,0,1,1,0,2,2,3,1,4,2
433,0.012346545,0.004555809,0.018181818,0,0.86,5.72E-06,0,0,1,1,0,2,2,3,1,4,2
434,0.00940021,0,0,0.5,0.453773585,0,0,0,1,0,1,1,0,2,0,6,7
435,0.037320239,0,0,0.057142857,0.860597826,0,0,0,1,1,0,2,2,3,1,4,2
436,0,0,0,0,0.953333333,0,0,0,1,1,0,2,2,3,1,4,2
437,0,0,0,0,0.953333333,0,0,0,1,1,0,2,2,3,1,4,2
438,0.04594879,0.002277904,0,0.340807175,0.550555556,0,0,0,1,1,0,2,1,3,0,6,7
439,0.005612066,0,0,0.230769231,0.71,0,0,0,1,1,0,2,2,3,1,4,2
440,0.011645037,0.009111617,0.009090909,0,0.86,6.66E-05,0,0,1,1,0,2,2,3,1,4,2
441,0.005541915,0,0,0.294117647,0.64,0,0,0,1,1,0,2,2,3,0,6,7
442,0.046159242,0.020501139,0,0.295180723,0.515217391,0,0,0,1,1,0,2,1,3,0,6,7
443,0.032409681,0,0,0.058823529,0.846153846,0,0,0,1,1,0,2,2,3,1,4,2
444,0.002876184,0,0,0,0.93,0,0,0,1,1,0,2,2,3,1,4,2
445,0.00933006,0.022779043,0.009090909,0.272727273,0.523333333,0,0,0,1,1,0,2,1,3,0,6,7
446,0.002314977,0,0,0,0.93,0,0,0,1,1,0,2,2,3,1,4,2
447,0.001403016,0.006833713,0,0.333333333,0.57,0,0,0,1,1,0,2,1,3,0,6,7
448,0.001262715,0,0,0,0.93,0,0,0,1,1,0,2,2,3,1,4,2
449,0,0,0,0,0.93,0,0,0,1,1,0,2,2,3,1,4,2
450,0.023781129,0.011389522,0,0.296296296,0.556,0,0,0,1,1,0,2,1,3,0,6,7
451,0.001473167,0,0,0.25,0.67,0,0,0,1,1,0,2,2,3,1,4,2
452,0.004700105,0,0,0,0.914,0,0,0,1,1,0,2,2,3,1,4,2
453,0.019291477,0,0,0.444444444,0.453333333,0,0,0,1,1,0,1,1,2,0,6,7
454,0.14472115,0.01594533,0,0.274074074,0.43243553,0,0,0,1,1,0,2,1,4,0,6,7
455,0.0042792,0,0,0.2,0.71,0,0,0,1,1,0,2,2,3,1,4,2
456,0.004138899,0,0,0.2,0.71,0,0,0,1,1,0,2,2,3,1,4,2
457,0.009961417,0,0,0.333333333,0.57,0,0,0,1,1,0,2,1,3,0,6,7
458,0.007927043,0,0,0.428571429,0.476666667,0,0,0,1,1,0,2,1,2,0,6,7
459,0.002455279,0,0,0,0.905555556,0,0,0,1,1,0,2,2,3,1,4,2
460,0,0,0,0,0.906666667,0,0,0,1,1,0,2,2,3,1,4,2
461,0.008839004,0,0,0,0.894166667,0,0,0,1,1,0,2,2,3,1,4,2
462,0.032549982,0.009111617,0.009090909,0.4,0.390886076,0.000898557,0,0,1,1,0,2,1,4,0,6,7
463,0.012206243,0,0,0.1,0.785833333,0,0,0,1,1,0,2,2,3,1,4,2
464,0.021185549,0,0,0.578125,0.29254902,0,0,0,1,0,1,1,0,2,0,6,7
465,0.001403016,0,0,0,0.89,0,0,0,1,1,0,2,2,3,1,4,2
466,0.025675202,0,0,0.210526316,0.652352941,0,0,0,1,1,0,2,2,3,1,4,2
467,0.004840407,0.002277904,0.009090909,0,0.835,0,0,0,1,1,0,2,2,3,1,4,2
468,0.001894072,0,0,0,0.883333333,0,0,0,1,1,0,2,2,3,1,4,2
469,0.011715188,0.002277904,0,0,0.86,0,0,0,1,1,0,2,2,3,1,4,2
470,0.019852683,0,0,0,0.86,0,0,0,1,1,0,2,2,3,1,4,2
471,0.017257103,0,0,0,0.86,0,0,0,1,1,0,2,2,3,1,4,2
472,0.003647843,0.006833713,0,0,0.842777778,0,0,0,1,1,0,2,2,3,1,4,2
473,0.00933006,0,0,0.153846154,0.71,0,0,0,1,1,0,2,2,3,1,4,2
474,0.006874781,0.002277904,0,0.333333333,0.523333333,0,0,0,1,1,0,2,1,3,0,6,7
475,0.011294283,0,0,0,0.86,0,0,0,1,1,0,2,2,3,1,4,2
476,0.010522624,0.004555809,0,0.555555556,0.286363636,0,0,0,1,0,1,1,0,2,0,6,7
477,0.005752368,0,0,0,0.864418605,0,0,0,1,1,0,2,2,3,1,4,2
478,0.009680814,0,0,0,0.86,0,0,0,1,1,0,2,2,3,1,4,2
479,0.009470361,0,0,0,0.86,0,0,0,1,1,0,2,2,3,1,4,2
480,0.002174676,0,0,0.25,0.616666667,0,0,0,1,1,0,2,1,3,4,2,7
481,0.008628551,0,0,0,0.86,0,0,0,1,1,0,2,2,3,1,4,2
482,0.008418099,0,0,0,0.86,0,0,0,1,1,0,2,2,3,1,4,2
483,0.007435987,0,0,0,0.86,0,0,0,1,1,0,2,2,3,1,4,2
484,0.007085233,0,0,0,0.86,0,0,0,1,1,0,2,2,3,1,4,2
485,0.006032971,0,0,0,0.86,0,0,0,1,1,0,2,2,3,1,4,2
486,0.004489653,0,0,0,0.86,0,0,0,1,1,0,2,2,3,1,4,2
487,0.003998597,0,0,0,0.86,0,0,0,1,1,0,2,2,3,1,4,2
488,0.00343739,0,0,0,0.86,0,0,0,1,1,0,2,2,3,1,4,2
489,0.00343739,0,0,0,0.86,0,0,0,1,1,0,2,2,3,1,4,2
490,0.002665731,0,0,0,0.86,0,0,0,1,1,0,2,2,3,1,4,2
491,0.00252543,0,0,0,0.86,0,0,0,1,1,0,2,2,3,1,4,2
492,0.002455279,0,0,0,0.86,0,0,0,1,1,0,2,2,3,1,4,2
493,0.002314977,0,0,0,0.86,0,0,0,1,1,0,2,2,3,1,4,2
494,0.001473167,0,0,0,0.86,0,0,0,1,1,0,2,2,3,1,4,2
495,0.001332866,0,0,0,0.86,0,0,0,1,1,0,2,2,3,1,4,2
496,0.001262715,0,0,0,0.86,0,0,0,1,1,0,2,2,3,1,4,2
497,0.043914416,0.009111617,0,0.382352941,0.398534483,0,0,0,1,1,0,2,1,4,0,6,7
498,0.001052262,0,0,0,0.86,0,0,0,1,1,0,2,2,3,1,4,2
499,0.000911961,0,0,0,0.86,0,0,0,1,1,0,2,2,3,1,4,2
500,0.000631357,0,0,0,0.86,0,0,0,2,1,0,2,2,3,1,4,2
501,0.000561207,0,0,0,0.86,0,0,0,2,1,0,2,2,3,1,4,2
502,0.000561207,0,0,0,0.86,0,0,0,2,1,0,2,2,3,1,4,2
503,0.000491056,0,0,0,0.86,0,0,0,2,1,0,2,2,3,1,4,2
504,0.000491056,0,0,0,0.86,0,0,0,2,1,0,2,2,3,1,4,2
505,0.000420905,0,0,0,0.86,0,0,0,2,1,0,2,2,3,1,4,2
506,0.000420905,0,0,0,0.86,0,0,0,2,1,0,2,2,3,1,4,2
507,0.000420905,0,0,0,0.86,0,0,0,2,1,0,2,2,3,1,4,2
508,0.000350754,0,0,0,0.86,0,0,0,2,1,0,2,2,3,1,4,2
509,0.000280603,0,0,0,0.86,0,0,0,2,1,0,2,2,3,1,4,2
510,0,0,0,0,0.86,0,0,0,2,1,0,2,2,3,1,4,2
511,0,0,0,0,0.86,0,0,0,2,1,0,2,2,3,1,4,2
512,0,0,0,0,0.86,0,0,0,2,1,0,2,2,3,1,4,2
513,0,0,0,0,0.86,0,0,0,2,1,0,2,2,3,1,4,2
514,0,0,0,0,0.86,0,0,0,2,1,0,2,2,3,1,4,2
515,0,0,0,0,0.86,0,0,0,2,1,0,2,2,3,1,4,2
516,0,0,0,0,0.86,0,0,0,2,1,0,2,2,3,1,4,2
517,0,0,0,0,0.86,0,0,0,2,1,0,2,2,3,1,4,2
518,0,0,0,0,0.86,0,0,0,2,1,0,2,2,3,1,4,2
519,0,0,0,0,0.86,0,0,0,2,1,0,2,2,3,1,4,2
520,0,0,0,0,0.86,0,0,0,2,1,0,2,2,3,1,4,2
521,0,0,0,0,0.86,0,0,0,2,1,0,2,2,3,1,4,2
522,0,0,0,0,0.86,0,0,0,2,1,0,2,2,3,1,4,2
523,0,0,0,0,0.86,0,0,0,2,1,0,2,2,3,1,4,2
524,0,0,0,0,0.86,0,0,0,2,1,0,2,2,3,1,4,2
525,0,0,0,0,0.86,0,0,0,2,1,0,2,2,3,1,4,2
526,0,0,0,0,0.86,0,0,0,2,1,0,2,2,3,1,4,2
527,0,0,0,0,0.86,0,0,0,2,1,0,2,2,3,1,4,2
528,0,0,0,0,0.86,0,0,0,2,1,0,2,2,3,1,4,2
529,0,0,0,0,0.86,0,0,0,2,1,0,2,2,3,1,4,2
530,0,0,0,0,0.86,0,0,0,2,1,0,2,2,3,1,4,2
531,0,0,0,0,0.86,0,0,0,2,1,0,2,2,3,1,4,2
532,0,0,0,0,0.86,0,0,0,2,1,0,2,2,3,1,4,2
533,0,0,0,0,0.86,0,0,0,2,1,0,2,2,3,1,4,2
534,0,0,0,0,0.86,0,0,0,2,1,0,2,2,3,1,4,2
535,0,0,0,0,0.86,0,0,0,2,1,0,2,2,3,1,4,2
536,0,0,0,0,0.86,0,0,0,2,1,0,2,2,3,1,4,2
537,0,0,0,0,0.86,0,0,0,2,1,0,2,2,3,1,4,2
538,0,0,0,0,0.86,0,0,0,2,1,0,2,2,3,1,4,2
539,0,0,0,0,0.86,0,0,0,2,1,0,2,2,3,1,4,2
540,0,0,0,0,0.86,0,0,0,2,1,0,2,2,3,1,4,2
541,0,0,0,0,0.86,0,0,0,2,1,0,2,2,3,1,4,2
542,0,0,0,0,0.86,0,0,0,2,1,0,2,2,3,1,4,2
543,0,0,0,0,0.86,0,0,0,2,1,0,2,2,3,1,4,2
544,0,0,0,0,0.86,0,0,0,2,1,0,2,2,3,1,4,2
545,0,0,0,0,0.86,0,0,0,2,1,0,2,2,3,1,4,2
546,0.003156787,0,0,0,0.856666667,0,0,0,2,1,0,2,2,3,1,4,2
547,0.003297089,0,0,0,0.855,0,0,0,2,1,0,2,2,3,1,4,2
548,0.004209049,0,0,0.375,0.477737705,0,0,0,2,1,0,2,1,3,0,6,7
549,0.014591371,0.006833713,0,0,0.81,0,0,0,2,1,0,2,2,3,1,4,2
550,0.016064539,0.01594533,0,0.25,0.518,0,0,0,2,1,0,2,1,3,4,2,7
551,0.003016485,0,0,0,0.843333333,0,0,0,2,1,0,2,2,3,1,4,2
552,0.001192564,0,0,0,0.84,0,0,0,2,1,0,2,2,3,1,4,2
553,0.009470361,0,0,0.411764706,0.419230769,0,0,0,2,1,0,2,1,4,0,6,7
554,0.004068748,0,0,0,0.835714286,0,0,0,2,1,0,2,2,3,1,4,2
555,0.014240617,0,0,0.111111111,0.71,0,0,0,2,1,0,2,2,3,1,4,2
556,0,0,0,0,0.835,0,0,0,2,1,0,2,2,3,1,4,2
557,0.001894072,0,0,0,0.83,0,0,0,2,1,0,2,2,3,1,4,2
558,0.061873027,0,0,0.055555556,0.71,0,0,0,2,1,0,2,2,3,1,4,2
559,0.00084181,0,0,0.461538462,0.36,0,0,0,2,1,1,1,1,4,0,6,7
560,0.006524027,0.006833713,0,0.25,0.535,0,0,0,2,1,0,2,1,3,4,2,7
561,0.072746405,0,0,0.24,0.506027397,0,0,0,2,1,0,2,1,3,4,2,7
562,0.001403016,0,0,0,0.817142857,0,0,0,2,1,0,2,2,3,1,4,2
563,0.029042441,0.009111617,0,0.291666667,0.457380952,0,0,0,2,1,0,2,1,3,0,6,7
564,0,0,0,0,0.81,0,0,0,2,1,0,2,2,3,1,4,2
565,0.003016485,0,0,0.166666667,0.64,0,0,0,2,1,0,2,2,3,1,4,2
566,0.043984567,0.002277904,0,0,0.754285714,0,0,0,2,1,0,2,2,3,1,4,2
567,0.003156787,0.004555809,0,0,0.785,0,0,0,2,1,0,2,2,3,1,4,2
568,0.004700105,0,0,0,0.8,0,0,0,2,1,0,2,2,3,1,4,2
569,0,0,0,0,0.804545455,0,0,0,2,1,0,2,2,3,1,4,2
570,0.014661522,0.006833713,0,0.25,0.511407407,0,0,0,2,1,0,2,1,3,4,2,7
571,0.003156787,0.002277904,0,0.3125,0.476666667,0,0,0,2,1,0,2,1,3,0,6,7
572,0.019501929,0,0,0.210526316,0.57,0,0,0,2,1,0,2,1,3,4,2,1
573,0.01192564,0,0,0.076923077,0.71,0,0,0,2,1,0,2,2,3,1,4,2
574,0.008909155,0.002277904,0,0.37704918,0.403773585,0,0,0,2,1,0,2,1,4,0,6,7
575,0.065170116,0.06833713,0,0.254385965,0.202857143,0,0,0,2,1,2,0,3,4,2,0,3
576,0.006032971,0,0,0,0.785,0,0,0,2,1,0,2,2,3,1,4,2
577,0.028130481,0.013667426,0,0.206666667,0.500933333,0,0,0,2,1,0,2,1,3,4,2,1
578,0.002314977,0,0,0,0.785,0,0,0,2,1,0,2,2,3,1,4,2
579,0.009049456,0,0,0,0.777619048,0,0,0,2,1,0,2,2,3,1,4,2
580,0,0,0,0,0.786666667,0,0,0,2,1,0,2,2,3,1,4,2
581,0,0,0,0,0.785,0,0,0,2,1,0,2,2,3,1,4,2
582,0,0,0,0,0.785,0,0,0,2,1,0,2,2,3,1,4,2
583,0,0,0,0,0.785,0,0,0,2,1,0,2,2,3,1,4,2
584,0,0,0,0,0.785,0,0,0,2,1,0,2,2,3,1,4,2
585,0,0,0,0,0.785,0,0,0,2,1,0,2,2,3,1,4,2
586,0,0,0,0,0.785,0,0,0,2,1,0,2,2,3,1,4,2
587,0,0,0,0,0.785,0,0,0,2,1,0,2,2,3,1,4,2
588,0,0,0,0,0.785,0,0,0,2,1,0,2,2,3,1,4,2
589,0.003647843,0.002277904,0,0,0.771666667,0,0,0,2,1,0,2,2,3,1,4,2
590,0.005331463,0,0,0,0.775,0,0,0,2,1,0,2,2,3,1,4,2
591,0.009049456,0,0,0.476190476,0.287464789,0,0,0,2,1,2,0,1,4,0,6,7
592,0.011153981,0.006833713,0,0.396551724,0.336216216,0,0,0,2,1,2,0,1,4,0,6,7
593,0.000911961,0,0,0.2,0.57,0,0,0,2,1,0,2,1,3,4,2,1
594,0.005331463,0,0,0.473684211,0.29,0,0,0,2,1,2,0,1,4,0,6,7
595,0.051981761,0,0,0,0.71,0,0,0,2,1,0,2,2,3,1,4,2
596,0.007155384,0,0,0.083333333,0.6708,0,0,0,2,1,0,2,2,3,1,4,2
597,0.010803227,0,0,0.5,0.2492,0,0,0,2,1,2,0,1,4,0,6,7
598,0,0,0,0,0.76,0,0,0,2,1,0,2,2,3,1,4,2
599,0,0,0,0,0.76,0,0,0,2,1,0,2,2,3,1,4,2
600,0.000911961,0,0,0,0.7525,0,0,0,2,1,0,2,2,3,1,4,2
601,0,0,0,0,0.752857143,0,0,0,2,1,0,2,2,3,1,4,2
602,0.011715188,0,0,0.19047619,0.542,0,0,0,2,1,0,2,1,3,4,2,1
603,0.00252543,0,0,0.166666667,0.573255814,0,0,0,2,1,0,2,1,3,4,2,1
604,0,0,0,0,0.738333333,0,0,0,2,1,0,2,2,3,1,4,2
605,0.016695896,0.002277904,0,0,0.71,0,0,0,2,1,0,2,2,3,1,4,2
606,0.000210452,0,0,0,0.731428571,0,0,0,2,1,0,2,2,3,1,4,2
607,0.020694493,0,0,0,0.71,0,0,0,2,1,0,2,2,3,1,4,2
608,0.001543318,0.004555809,0,0,0.71,0,0,0,2,1,0,2,2,3,1,4,2
609,0.025885654,0,0,0,0.703333333,0,0,0,2,1,0,2,2,3,1,4,2
610,0.062364083,0,0,0.166666667,0.5,0,0,0,2,1,0,2,1,3,4,2,1
611,0.003086636,0.004555809,0,0.230769231,0.476666667,0,0,0,2,1,0,2,1,3,4,2,1
612,0.013960014,0,0,0.125,0.5875,0,0,0,2,1,0,2,1,3,4,2,1
613,0.015222729,0,0,0,0.71,0,0,0,2,1,0,2,2,3,1,4,2
614,0.005331463,0.002277904,0,0,0.71,0,0,0,2,1,0,2,2,3,1,4,2
615,0.003858295,0.002277904,0,0,0.71,0,0,0,2,1,0,2,2,3,1,4,2
616,0.012346545,0,0,0,0.71,0,0,0,2,1,0,2,2,3,1,4,2
617,0.016836198,0,0,0.1875,0.5175,0,0,0,2,1,0,2,1,3,4,2,1
618,0.014801824,0.002277904,0,0,0.697272727,0,0,0,2,1,0,2,2,3,1,4,2
619,0.001473167,0.002277904,0,0,0.71,0,0,0,2,1,0,2,2,3,1,4,2
620,0.010452473,0,0,0,0.71,0,0,0,2,1,0,2,2,3,1,4,2
621,0.010382322,0,0,0,0.71,0,0,0,2,1,0,2,2,3,1,4,2
622,0.001122413,0.002277904,0,0,0.71,0,0,0,2,1,0,2,2,3,1,4,2
623,0.009470361,0,0,0,0.71,0,0,0,2,1,0,2,2,3,1,4,2
624,0.009049456,0,0,0,0.71,0,0,0,2,1,0,2,2,3,1,4,2
625,0.008628551,0,0,0,0.71,0,0,0,2,1,0,2,2,3,1,4,2
626,0.00764644,0,0,0,0.71,0,0,0,2,1,0,2,2,3,1,4,2
627,0.004209049,0,0,0.142857143,0.57,0,0,0,2,1,0,2,1,3,4,2,1
628,0.006944932,0,0,0,0.71,0,0,0,2,1,0,2,2,3,1,4,2
629,0.006453876,0,0,0,0.71,0,0,0,2,1,0,2,2,3,1,4,2
630,0.006243423,0,0,0,0.71,0,0,0,2,1,0,2,2,3,1,4,2
631,0.001052262,0,0,0,0.715,0,0,0,2,1,0,2,2,3,1,4,2
632,0.00596282,0,0,0,0.71,0,0,0,2,1,0,2,2,3,1,4,2
633,0.005752368,0,0,0,0.71,0,0,0,2,1,0,2,2,3,1,4,2
634,0.005050859,0,0,0,0.71,0,0,0,2,1,0,2,2,3,1,4,2
635,0.004700105,0,0,0,0.71,0,0,0,2,1,0,2,2,3,1,4,2
636,0.004559804,0,0,0,0.71,0,0,0,2,1,0,2,2,3,1,4,2
637,0.001753771,0,0,0,0.7125,0,0,0,2,1,0,2,2,3,1,4,2
638,0.003928446,0,0,0,0.71,0,0,0,2,1,0,2,2,3,1,4,2
639,0.003928446,0,0,0,0.71,0,0,0,2,1,0,2,2,3,1,4,2
640,0.003788145,0,0,0,0.71,0,0,0,2,1,0,2,2,3,1,4,2
641,0.003647843,0,0,0,0.71,0,0,0,2,1,0,2,2,3,1,4,2
642,0.003647843,0,0,0,0.71,0,0,0,2,1,0,2,2,3,1,4,2
643,0.003577692,0,0,0,0.71,0,0,0,2,1,0,2,2,3,1,4,2
644,0.003577692,0,0,0,0.71,0,0,0,2,1,0,2,2,3,1,4,2
645,0.00343739,0,0,0,0.71,0,0,0,2,1,0,2,2,3,1,4,2
646,0.003297089,0,0,0,0.71,0,0,0,2,1,0,2,2,3,1,4,2
647,0.003156787,0,0,0,0.71,0,0,0,2,1,0,2,2,3,1,4,2
648,0.002806033,0,0,0,0.71,0,0,0,2,1,0,2,2,3,1,4,2
649,0.002665731,0,0,0,0.71,0,0,0,2,1,0,2,2,3,1,4,2
650,0.002455279,0,0,0,0.71,0,0,0,2,1,0,2,2,3,1,4,2
651,0.002034374,0,0,0,0.71,0,0,0,2,1,0,2,2,3,1,4,2
652,0.001964223,0,0,0,0.71,0,0,0,2,1,0,2,2,3,1,4,2
653,0.00168362,0,0,0,0.71,0,0,0,2,1,0,2,2,3,1,4,2
654,0.001613469,0,0,0,0.71,0,0,0,2,1,0,2,2,3,1,4,2
655,0.042441249,0,0,0.153225806,0.515806452,0,0,0,2,1,0,2,1,3,4,2,1
656,0.001473167,0,0,0,0.71,0,0,0,2,1,0,2,2,3,1,4,2
657,0.001262715,0,0,0,0.71,0,0,0,2,1,0,2,2,3,1,4,2
658,0.001262715,0,0,0,0.71,0,0,0,2,1,0,2,2,3,1,4,2
659,0.001122413,0,0,0,0.71,0,0,0,2,1,0,2,2,3,1,4,2
660,0.001122413,0,0,0,0.71,0,0,0,2,1,0,2,2,3,1,4,2
661,0.001122413,0,0,0,0.71,0,0,0,2,1,0,2,2,3,1,4,2
662,0,0,0,0,0.711111111,0,0,0,2,1,0,2,2,3,1,4,2
663,0.000911961,0,0,0,0.71,0,0,0,2,1,0,2,2,3,1,4,2
664,0.000771659,0,0,0,0.71,0,0,0,2,1,0,2,2,3,1,4,2
665,0.000701508,0,0,0,0.71,0,0,0,2,1,0,2,2,3,1,4,2
666,0.000631357,0,0,0,0.71,0,0,0,2,1,0,2,2,3,1,4,2
667,0.000631357,0,0,0,0.71,0,0,0,2,1,0,2,2,3,1,4,2
668,0.000561207,0,0,0,0.71,0,0,0,2,1,0,2,2,3,1,4,2
669,0.000491056,0,0,0,0.71,0,0,0,2,1,0,2,2,3,1,4,2
670,0.000420905,0,0,0,0.71,0,0,0,2,1,0,2,2,3,1,4,2
671,0.000420905,0,0,0,0.71,0,0,0,2,1,0,2,2,3,1,4,2
672,0.000350754,0,0,0,0.71,0,0,0,2,1,0,2,2,3,1,4,2
673,0.000280603,0,0,0,0.71,0,0,0,2,1,0,2,2,3,1,4,2
674,0.000280603,0,0,0,0.71,0,0,0,2,1,0,2,2,3,1,4,2
675,0.000280603,0,0,0,0.71,0,0,0,2,1,0,2,2,3,1,4,2
676,0.000210452,0,0,0,0.71,0,0,0,2,1,0,2,2,3,1,4,2
677,0.000210452,0,0,0,0.71,0,0,0,2,1,0,2,2,3,1,4,2
678,0.000140302,0,0,0,0.71,0,0,0,2,1,0,2,2,3,1,4,2
679,7.02E-05,0,0,0,0.71,0,0,0,2,1,0,2,2,3,1,4,2
680,7.02E-05,0,0,0,0.71,0,0,0,2,1,0,2,2,3,1,4,2
681,7.02E-05,0,0,0,0.71,0,0,0,2,1,0,2,2,3,1,4,2
682,0,0,0,0,0.71,0,0,0,2,1,0,2,2,3,1,4,2
683,0,0,0,0,0.71,0,0,0,2,1,0,2,2,3,1,4,2
684,0,0,0,0,0.71,0,0,0,2,1,0,2,2,3,1,4,2
685,0,0,0,0,0.71,0,0,0,2,1,0,2,2,3,1,4,2
686,0,0,0,0,0.71,0,0,0,2,1,0,2,2,3,1,4,2
687,0,0,0,0,0.71,0,0,0,2,1,0,2,2,3,1,4,2
688,0,0,0,0,0.71,0,0,0,2,1,0,2,2,3,1,4,2
689,0,0,0,0,0.71,0,0,0,2,1,0,2,2,3,1,4,2
690,0,0,0,0,0.71,0,0,0,2,1,0,2,2,3,1,4,2
691,0,0,0,0,0.71,0,0,0,2,1,0,2,2,3,1,4,2
692,0,0,0,0,0.71,0,0,0,2,1,0,2,2,3,1,4,2
693,0,0,0,0,0.71,0,0,0,2,1,0,2,2,3,1,4,2
694,0,0,0,0,0.71,0,0,0,2,1,0,2,2,3,1,4,2
695,0,0,0,0,0.71,0,0,0,2,1,0,2,2,3,1,4,2
696,0,0,0,0,0.71,0,0,0,2,1,0,2,2,3,1,4,2
697,0,0,0,0,0.71,0,0,0,2,1,0,2,2,3,1,4,2
698,0,0,0,0,0.71,0,0,0,2,1,0,2,2,3,1,4,2
699,0,0,0,0,0.71,0,0,0,2,1,0,2,2,3,1,4,2
700,0,0,0,0,0.71,0,0,0,2,1,0,2,2,3,1,4,2
701,0,0,0,0,0.71,0,0,0,2,1,0,2,2,3,1,4,2
702,0,0,0,0,0.71,0,0,0,2,1,0,2,2,3,1,4,2
703,0,0,0,0,0.71,0,0,0,2,1,0,2,2,3,1,4,2
704,0,0,0,0,0.71,0,0,0,2,1,0,2,2,3,1,4,2
705,0,0,0,0,0.71,0,0,0,2,1,0,2,2,3,1,4,2
706,0,0,0,0,0.71,0,0,0,2,1,0,2,2,3,1,4,2
707,0,0,0,0,0.71,0,0,0,2,1,0,2,2,3,1,4,2
708,0,0,0,0,0.71,0,0,0,2,1,0,2,2,3,1,4,2
709,0,0,0,0,0.71,0,0,0,2,1,0,2,2,3,1,4,2
710,0,0,0,0,0.71,0,0,0,2,1,0,2,2,3,1,4,2
711,0,0,0,0,0.71,0,0,0,2,1,0,2,2,3,1,4,2
712,0,0,0,0,0.71,0,0,0,2,1,0,2,2,3,1,4,2
713,0,0,0,0,0.71,0,0,0,2,1,0,2,2,3,1,4,2
714,0,0,0,0,0.71,0,0,0,2,1,0,2,2,3,1,4,2
715,0,0,0,0,0.71,0,0,0,2,1,0,2,2,3,1,4,2
716,0,0,0,0,0.71,0,0,0,2,1,0,2,2,3,1,4,2
717,0,0,0,0,0.71,0,0,0,2,1,0,2,2,3,1,4,2
718,0,0,0,0,0.71,0,0,0,2,1,0,2,2,3,1,4,2
719,0,0,0,0,0.71,0,0,0,2,1,0,2,2,3,1,4,2
720,0,0,0,0,0.71,0,0,0,2,1,0,2,2,3,1,4,2
721,0,0,0,0,0.71,0,0,0,2,1,0,2,2,3,1,4,2
722,0,0,0,0,0.71,0,0,0,2,1,0,2,2,3,1,4,2
723,0,0,0,0,0.71,0,0,0,2,1,0,2,2,3,1,4,2
724,0,0,0,0,0.71,0,0,0,2,1,0,2,2,3,1,4,2
725,0,0,0,0,0.71,0,0,0,2,1,0,2,2,3,1,4,2
726,0,0,0,0,0.71,0,0,0,2,1,0,2,2,3,1,4,2
727,0,0,0,0,0.71,0,0,0,2,1,0,2,2,3,1,4,2
728,0,0,0,0,0.71,0,0,0,2,1,0,2,2,3,1,4,2
729,0,0,0,0,0.71,0,0,0,2,1,0,2,2,3,1,4,2
730,0,0,0,0,0.71,0,0,0,2,1,0,2,2,3,1,4,2
731,0,0,0,0,0.71,0,0,0,2,1,0,2,2,3,1,4,2
732,0,0,0,0,0.71,0,0,0,2,1,0,2,2,3,1,4,2
733,0,0,0,0,0.71,0,0,0,2,1,0,2,2,3,1,4,2
734,0,0,0,0,0.71,0,0,0,2,1,0,2,2,3,1,4,2
735,0,0,0,0,0.71,0,0,0,2,1,0,2,2,3,1,4,2
736,0,0,0,0,0.71,0,0,0,2,1,0,2,2,3,1,4,2
737,0,0,0,0,0.71,0,0,0,2,1,0,2,2,3,1,4,2
738,0,0,0,0,0.71,0,0,0,2,1,0,2,2,3,1,4,2
739,0,0,0,0,0.71,0,0,0,2,1,0,2,2,3,1,4,2
740,0,0,0,0,0.71,0,0,0,2,1,0,2,2,3,1,4,2
741,0,0,0,0,0.71,0,0,0,2,1,0,2,2,3,1,4,2
742,0,0,0,0,0.71,0,0,0,2,1,0,2,2,3,1,4,2
743,0,0,0,0,0.71,0,0,0,2,1,0,2,2,3,1,4,2
744,0,0,0,0,0.71,0,0,0,2,1,0,2,2,3,1,4,2
745,0,0,0,0,0.71,0,0,0,2,1,0,2,2,3,1,4,2
746,0,0,0,0,0.71,0,0,0,2,1,0,2,2,3,1,4,2
747,0,0,0,0,0.71,0,0,0,2,1,0,2,2,3,1,4,2
748,0,0,0,0,0.71,0,0,0,2,1,0,2,2,3,1,4,2
749,0,0,0,0,0.71,0,0,0,2,1,0,2,2,3,1,4,2
750,0,0,0,0,0.71,0,0,0,2,1,0,2,2,3,1,4,2
751,0,0,0,0,0.71,0,0,0,2,1,0,2,2,3,1,4,2
752,0,0,0,0,0.71,0,0,0,2,1,0,2,2,3,1,4,2
753,0,0,0,0,0.71,0,0,0,2,1,0,2,2,3,1,4,2
754,0.014661522,0.006833713,0,0.373134328,0.291918605,0,0,0,2,1,2,0,1,4,0,6,7
755,0.009610663,0,0,0,0.697272727,0,0,0,2,1,0,2,2,3,1,4,2
756,0.002034374,0,0,0,0.7044,0,0,0,2,1,0,2,2,3,1,4,2
757,0.001543318,0,0,0,0.703488372,0,0,0,2,1,0,2,2,3,1,4,2
758,0.006594177,0,0,0.15625,0.541176471,0,0,0,2,1,0,2,1,3,4,2,1
759,0.005191161,0,0,0,0.694444444,0,0,0,2,1,0,2,2,3,1,4,2
760,0.041318835,0,0,0.226277372,0.429583333,0,0,0,2,1,0,2,1,4,4,2,1
761,0.002174676,0,0,0.125,0.57,0,0,0,2,1,0,2,1,3,4,2,1
762,0.001964223,0,0,0.125,0.57,0,0,0,2,1,0,2,1,3,4,2,1
763,0.00764644,0,0,0.125,0.561764706,0,0,0,2,1,0,2,1,3,4,2,1
764,0.004840407,0,0,0.217391304,0.47,0,0,0,2,1,0,2,1,3,4,2,1
765,0.001753771,0,0,0,0.69,0,0,0,2,1,0,2,2,3,1,4,2
766,0.007225535,0,0,0.333333333,0.349130435,0,0,0,2,1,2,0,1,4,0,6,7
767,0.020904946,0,0,0,0.666666667,0,0,0,2,1,0,2,2,3,1,4,2
768,0.004489653,0,0,0,0.679454546,0,0,0,2,1,0,2,2,3,1,4,2
769,0.001613469,0,0,0,0.682,0,0,0,2,1,0,2,2,3,1,4,2
770,0,0,0,0,0.683333333,0,0,0,2,1,0,2,2,3,1,4,2
771,0.046860751,0.004555809,0,0.205128205,0.412179487,0,0,0,2,1,0,2,1,4,4,2,1
772,0.031287268,0.002277904,0,0.211764706,0.43,0,0,0,2,1,0,2,1,4,4,2,1
773,0,0,0,0,0.682,0,0,0,2,1,0,2,2,3,1,4,2
774,0.04258155,0,0,0.209150327,0.429583333,0,0,0,2,1,0,2,1,4,4,2,1
775,0.023921431,0.025056948,0,0.375,0.180372671,0,0,0,2,1,2,0,3,4,0,6,7
776,0.000280603,0,0,0,0.6775,0,0,0,2,1,0,2,2,3,1,4,2
777,0.011855489,0,0,0,0.663333333,0,0,0,2,1,0,2,2,3,1,4,2
778,0,0,0,0,0.675,0,0,0,2,1,0,2,2,3,1,4,2
779,0.053665381,0,0,0.337837838,0.281470588,0,0,0,2,1,2,0,1,4,0,6,7
780,0,0.002277904,0,0,0.663333333,0,0,0,2,1,0,2,2,3,1,4,2
781,0.007856892,0,0,0.285714286,0.378571429,0,0,0,2,1,0,2,1,4,0,6,7
782,0.010733076,0.004555809,0.018181818,0,0.57,0,0,0,2,1,0,2,1,3,4,2,1
783,0.000701508,0,0,0,0.67,0,0,0,2,1,0,2,2,3,1,4,2
784,0,0,0,0,0.67,0,0,0,2,1,0,2,2,3,1,4,2
785,0,0,0,0,0.67,0,0,0,2,1,0,2,2,3,1,4,2
786,0,0,0,0,0.67,0,0,0,2,1,0,2,2,3,1,4,2
787,0,0,0,0,0.668,0,0,0,2,1,0,2,2,3,1,4,2
788,0,0,0,0,0.666666667,0,0,0,2,1,0,2,2,3,1,4,2
789,7.02E-05,0,0,0,0.663333333,0,0,0,2,1,0,2,2,3,1,4,2
790,0.02293932,0,0,0,0.64,0,0,0,2,1,0,2,2,3,1,4,2
791,0.008067345,0,0,0,0.654,0,0,0,2,1,0,2,2,3,1,4,2
792,0.004980709,0,0,0.090909091,0.565625,0,0,0,2,1,0,2,1,3,4,2,1
793,0.003086636,0,0,0,0.654,0,0,0,2,1,0,2,2,3,1,4,2
794,0.008067345,0,0,0.34375,0.301666667,0,0,0,2,1,2,0,1,4,0,6,7
795,0.006664328,0,0,0,0.64,0,0,0,2,1,0,2,2,3,1,4,2
796,0.006453876,0,0,0,0.64,0,0,0,2,1,0,2,2,3,1,4,2
797,0.003788145,0,0,0,0.64,0,0,0,2,1,0,2,2,3,1,4,2
798,0.001964223,0,0,0,0.64,0,0,0,2,1,0,2,2,3,1,4,2
799,0.012977902,0,0,0.058823529,0.57,0,0,0,2,1,0,2,1,3,4,2,1
800,0,0,0,0,0.64,0,0,0,2,1,0,2,2,3,1,4,2
801,0,0,0,0,0.64,0,0,0,2,1,0,2,2,3,1,4,2
802,0,0,0,0,0.64,0,0,0,2,1,0,2,2,3,1,4,2
803,0.005471764,0,0,0.2,0.43,0,0,0,2,1,0,2,1,4,4,2,1
804,0.003086636,0.004555809,0,0.181818182,0.43,0,0,0,2,1,0,2,1,4,4,2,1
805,0.009119607,0,0,0,0.616666667,0,0,0,2,1,0,2,1,3,4,2,1
806,0.001894072,0,0,0,0.616666667,0,0,0,2,1,0,2,1,3,4,2,1
807,0.000982112,0,0,0,0.616666667,0,0,0,2,1,0,2,1,3,4,2,1
808,0.000210452,0,0,0,0.616666667,0,0,0,2,1,0,2,1,3,4,2,1
809,0.007576289,0,0,0.134615385,0.471176471,0,0,0,2,1,0,2,1,3,4,2,1
810,0.042932304,0,0,0,0.57,0,0,0,2,1,0,2,1,3,4,2,1
811,0.005191161,0.013667426,0,0.214285714,0.336666667,0,0,0,2,1,2,0,1,4,4,2,1
812,0.026867766,0,0,0,0.582727273,0,0,0,2,1,0,2,1,3,4,2,1
813,0.00259558,0,0,0,0.605,0,0,0,2,1,0,2,1,3,4,2,1
814,0,0,0,0,0.605,0,0,0,2,1,0,2,1,3,4,2,1
815,0,0,0,0,0.605,0,0,0,2,1,0,2,1,3,4,2,1
816,0.005541915,0,0,0,0.598,0,0,0,2,1,0,2,1,3,4,2,1
817,0.003717994,0,0,0,0.598,0,0,0,2,1,0,2,1,3,4,2,1
818,0.000911961,0,0,0,0.598,0,0,0,2,1,0,2,1,3,4,2,1
819,0.008839004,0,0,0,0.59,0,0,0,2,1,0,2,1,3,4,2,1
820,0,0,0,0,0.598,0,0,0,2,1,0,2,1,3,4,2,1
821,0,0,0,0,0.598,0,0,0,2,1,0,2,1,3,4,2,1
822,0.065941775,0.002277904,0.009090909,0,0.486,8.60E-05,0,0,2,1,0,2,1,3,4,2,1
823,0.000701508,0,0,0.166666667,0.43,0,0,0,2,1,0,2,1,4,4,2,1
824,0.025043844,0,0,0,0.57,0,0,0,2,1,0,2,1,3,4,2,1
825,0.006173273,0.004555809,0,0,0.57,0,0,0,2,1,0,2,1,3,4,2,1
826,0.004770256,0.004555809,0,0,0.57,0,0,0,2,1,0,2,1,3,4,2,1
827,0.003226938,0.004555809,0,0,0.57,0,0,0,2,1,0,2,1,3,4,2,1
828,0.019712382,0,0,0,0.571530612,0,0,0,2,1,0,2,1,3,4,2,1
829,0.089793055,0,0,0.052325581,0.448058608,0,0,0,2,1,0,2,1,3,4,2,1
830,0.016555595,0,0,0,0.57,0,0,0,2,1,0,2,1,3,4,2,1
831,0.008277797,0,0,0.1,0.476666667,0,0,0,2,1,0,2,1,3,4,2,1
832,0.000210452,0,0,0,0.584,0,0,0,2,1,0,2,1,3,4,2,1
833,0.011013679,0,0,0,0.57,0,0,0,2,1,0,2,1,3,4,2,1
834,0.001543318,0.002277904,0,0,0.57,0,0,0,2,1,0,2,1,3,4,2,1
835,0.010101719,0,0,0,0.57,0,0,0,2,1,0,2,1,3,4,2,1
836,0.010101719,0,0,0,0.57,0,0,0,2,1,0,2,1,3,4,2,1
837,0.009750965,0,0,0,0.57,0,0,0,2,1,0,2,1,3,4,2,1
838,0.00848825,0,0,0,0.57,0,0,0,2,1,0,2,1,3,4,2,1
839,0.008347948,0,0,0,0.57,0,0,0,2,1,0,2,1,3,4,2,1
840,0.007997194,0,0,0,0.57,0,0,0,2,1,0,2,1,3,4,2,1
841,0.007786741,0,0,0,0.57,0,0,0,2,1,0,2,1,3,4,2,1
842,0.007225535,0,0,0,0.57,0,0,0,2,1,0,2,1,3,4,2,1
843,0.007856892,0,0,0.138888889,0.43,0,0,0,2,1,0,2,1,4,4,2,1
844,0.006243423,0,0,0,0.57,0,0,0,2,1,0,2,1,3,4,2,1
845,0.005892669,0,0,0,0.57,0,0,0,2,1,0,2,1,3,4,2,1
846,0.005682217,0,0,0,0.57,0,0,0,2,1,0,2,1,3,4,2,1
847,0.005541915,0,0,0,0.57,0,0,0,2,1,0,2,1,3,4,2,1
848,0.004980709,0,0,0,0.57,0,0,0,2,1,0,2,1,3,4,2,1
849,0.004419502,0,0,0,0.57,0,0,0,2,1,0,2,1,3,4,2,1
850,0.003928446,0,0,0,0.57,0,0,0,2,1,0,2,1,3,4,2,1
851,0.003577692,0,0,0,0.57,0,0,0,2,1,0,2,1,3,4,2,1
852,0.003507541,0,0,0,0.57,0,0,0,2,1,0,2,1,3,4,2,1
853,0.003016485,0,0,0,0.57,0,0,0,2,1,0,2,1,3,4,2,1
854,0.002806033,0,0,0,0.57,0,0,0,2,1,0,2,1,3,4,2,1
855,0.002455279,0,0,0,0.57,0,0,0,2,1,0,2,1,3,4,2,1
856,0.002314977,0,0,0,0.57,0,0,0,2,1,0,2,1,3,4,2,1
857,0.002244826,0,0,0,0.57,0,0,0,2,1,0,2,1,3,4,2,1
858,0.002244826,0,0,0,0.57,0,0,0,2,1,0,2,1,3,4,2,1
859,0.002174676,0,0,0,0.57,0,0,0,2,1,0,2,1,3,4,2,1
860,0.002104525,0,0,0,0.57,0,0,0,2,1,0,2,1,3,4,2,1
861,0.001964223,0,0,0,0.57,0,0,0,2,1,0,2,1,3,4,2,1
862,0.001894072,0,0,0,0.57,0,0,0,2,1,0,2,1,3,4,2,1
863,0.001894072,0,0,0,0.57,0,0,0,2,1,0,2,1,3,4,2,1
864,0.001894072,0,0,0,0.57,0,0,0,2,1,0,2,1,3,4,2,1
865,0.001753771,0,0,0,0.57,0,0,0,2,1,0,2,1,3,4,2,1
866,0.001613469,0,0,0,0.57,0,0,0,2,1,0,2,1,3,4,2,1
867,0.001613469,0,0,0,0.57,0,0,0,2,1,0,2,1,3,4,2,1
868,0.001543318,0,0,0,0.57,0,0,0,2,1,0,2,1,3,4,2,1
869,0.001403016,0,0,0,0.57,0,0,0,2,1,0,2,1,3,4,2,1
870,0.001332866,0,0,0,0.57,0,0,0,2,1,0,2,1,3,4,2,1
871,0.001332866,0,0,0,0.57,0,0,0,2,1,0,2,1,3,4,2,1
872,0.001332866,0,0,0,0.57,0,0,0,2,1,0,2,1,3,4,2,1
873,0.001262715,0,0,0,0.57,0,0,0,2,1,0,2,1,3,4,2,1
874,0.000982112,0,0,0,0.57,0,0,0,2,1,0,2,1,3,4,2,1
875,0.000911961,0,0,0,0.57,0,0,0,2,1,0,2,1,3,4,2,1
876,0.00084181,0,0,0,0.57,0,0,0,2,1,0,2,1,3,4,2,1
877,0.00084181,0,0,0,0.57,0,0,0,2,1,0,2,1,3,4,2,1
878,0.00084181,0,0,0,0.57,0,0,0,2,1,0,2,1,3,4,2,1
879,0.00084181,0,0,0,0.57,0,0,0,2,1,0,2,1,3,4,2,1
880,0.000771659,0,0,0,0.57,0,0,0,2,1,0,2,1,3,4,2,1
881,0.000701508,0,0,0,0.57,0,0,0,2,1,0,2,1,3,4,2,1
882,0.000701508,0,0,0,0.57,0,0,0,2,1,0,2,1,3,4,2,1
883,0.000701508,0,0,0,0.57,0,0,0,2,1,0,2,1,3,4,2,1
884,0.000701508,0,0,0,0.57,0,0,0,2,1,0,2,1,3,4,2,1
885,0.000631357,0,0,0,0.57,0,0,0,2,1,0,2,1,3,4,2,1
886,0.000561207,0,0,0,0.57,0,0,0,2,1,0,2,1,3,4,2,1
887,0.000561207,0,0,0,0.57,0,0,0,2,1,0,2,1,3,4,2,1
888,0.000561207,0,0,0,0.57,0,0,0,2,1,0,2,1,3,4,2,1
889,0.000491056,0,0,0,0.57,0,0,0,2,1,0,2,1,3,4,2,1
890,0.000491056,0,0,0,0.57,0,0,0,2,1,0,2,1,3,4,2,1
891,0.000420905,0,0,0,0.57,0,0,0,2,1,0,2,1,3,4,2,1
892,0.000420905,0,0,0,0.57,0,0,0,2,1,0,2,1,3,4,2,1
893,0.000350754,0,0,0,0.57,0,0,0,2,1,0,2,1,3,4,2,1
894,0.000350754,0,0,0,0.57,0,0,0,2,1,0,2,1,3,4,2,1
895,0.000350754,0,0,0,0.57,0,0,0,2,1,0,2,1,3,4,2,1
896,0.000280603,0,0,0,0.57,0,0,0,2,1,0,2,1,3,4,2,1
897,0.000280603,0,0,0,0.57,0,0,0,2,1,0,2,1,3,4,2,1
898,0.000280603,0,0,0,0.57,0,0,0,2,1,0,2,1,3,4,2,1
899,0.000280603,0,0,0,0.57,0,0,0,2,1,0,2,1,3,4,2,1
900,0.000210452,0,0,0,0.57,0,0,0,2,1,0,2,1,3,4,2,1
901,0.000210452,0,0,0,0.57,0,0,0,2,1,0,2,1,3,4,2,1
902,0.000210452,0,0,0,0.57,0,0,0,2,1,0,2,1,3,4,2,1
903,0.000140302,0,0,0,0.57,0,0,0,2,1,0,2,1,3,4,2,1
904,0.000140302,0,0,0,0.57,0,0,0,2,1,0,2,1,3,4,2,1
905,0.000140302,0,0,0,0.57,0,0,0,2,1,0,2,1,3,4,2,1
906,0,0,0,0,0.57,0,0,0,2,1,0,2,1,3,4,2,1
907,0,0,0,0,0.57,0,0,0,2,1,0,2,1,3,4,2,1
908,0,0,0,0,0.57,0,0,0,2,1,0,2,1,3,4,2,1
909,0,0,0,0,0.57,0,0,0,2,1,0,2,1,3,4,2,1
910,0,0,0,0,0.57,0,0,0,2,1,0,2,1,3,4,2,1
911,0,0,0,0,0.57,0,0,0,2,1,0,2,1,3,4,2,1
912,0,0,0,0,0.57,0,0,0,2,1,0,2,1,3,4,2,1
913,0,0,0,0,0.57,0,0,0,2,1,0,2,1,3,4,2,1
914,0,0,0,0,0.57,0,0,0,2,1,0,2,1,3,4,2,1
915,0,0,0,0,0.57,0,0,0,2,1,0,2,1,3,4,2,1
916,0,0,0,0,0.57,0,0,0,2,1,0,2,1,3,4,2,1
917,0,0,0,0,0.57,0,0,0,2,1,0,2,1,3,4,2,1
918,0,0,0,0,0.57,0,0,0,2,1,0,2,1,3,4,2,1
919,0,0,0,0,0.57,0,0,0,2,1,0,2,1,3,4,2,1
920,0,0,0,0,0.57,0,0,0,2,1,0,2,1,3,4,2,1
921,0,0,0,0,0.57,0,0,0,2,1,0,2,1,3,4,2,1
922,0,0,0,0,0.57,0,0,0,2,1,0,2,1,3,4,2,1
923,0,0,0,0,0.57,0,0,0,2,1,0,2,1,3,4,2,1
924,0,0,0,0,0.57,0,0,0,2,1,0,2,1,3,4,2,1
925,0,0,0,0,0.57,0,0,0,2,1,0,2,1,3,4,2,1
926,0,0,0,0,0.57,0,0,0,2,1,0,2,1,3,4,2,1
927,0,0,0,0,0.57,0,0,0,2,1,0,2,1,3,4,2,1
928,0,0,0,0,0.57,0,0,0,2,1,0,2,1,3,4,2,1
929,0,0,0,0,0.57,0,0,0,2,1,0,2,1,3,4,2,1
930,0,0,0,0,0.57,0,0,0,2,1,0,2,1,3,4,2,1
931,0,0,0,0,0.57,0,0,0,2,1,0,2,1,3,4,2,1
932,0,0,0,0,0.57,0,0,0,2,1,0,2,1,3,4,2,1
933,0,0,0,0,0.57,0,0,0,2,1,0,2,1,3,4,2,1
934,0,0,0,0,0.57,0,0,0,2,1,0,2,1,3,4,2,1
935,0,0,0,0,0.57,0,0,0,2,1,0,2,1,3,4,2,1
936,0,0,0,0,0.57,0,0,0,2,1,0,2,1,3,4,2,1
937,0,0,0,0,0.57,0,0,0,2,1,0,2,1,3,4,2,1
938,0,0,0,0,0.57,0,0,0,2,1,0,2,1,3,4,2,1
939,0,0,0,0,0.57,0,0,0,2,1,0,2,1,3,4,2,1
940,0,0,0,0,0.57,0,0,0,2,1,0,2,1,3,4,2,1
941,0,0,0,0,0.57,0,0,0,2,1,0,2,1,3,4,2,1
942,0,0,0,0,0.57,0,0,0,2,1,0,2,1,3,4,2,1
943,0,0,0,0,0.57,0,0,0,2,1,0,2,1,3,4,2,1
944,0,0,0,0,0.57,0,0,0,2,1,0,2,1,3,4,2,1
945,0,0,0,0,0.57,0,0,0,2,1,0,2,1,3,4,2,1
946,0,0,0,0,0.57,0,0,0,2,1,0,2,1,3,4,2,1
947,0,0,0,0,0.57,0,0,0,2,1,0,2,1,3,4,2,1
948,0,0,0,0,0.57,0,0,0,2,1,0,2,1,3,4,2,1
949,0,0,0,0,0.57,0,0,0,2,1,0,2,1,3,4,2,1
950,0,0,0,0,0.57,0,0,0,2,1,0,2,1,3,4,2,1
951,0,0,0,0,0.57,0,0,0,2,1,0,2,1,3,4,2,1
952,0,0,0,0,0.57,0,0,0,2,1,0,2,1,3,4,2,1
953,0,0,0,0,0.57,0,0,0,2,1,0,2,1,3,4,2,1
954,0,0,0,0,0.57,0,0,0,2,1,0,2,1,3,4,2,1
955,0,0,0,0,0.57,0,0,0,2,1,0,2,1,3,4,2,1
956,0,0,0,0,0.57,0,0,0,2,1,0,2,1,3,4,2,1
957,0,0,0,0,0.57,0,0,0,2,1,0,2,1,3,4,2,1
958,0,0,0,0,0.57,0,0,0,2,1,0,2,1,3,4,2,1
959,0,0,0,0,0.57,0,0,0,2,1,0,2,1,3,4,2,1
960,0,0,0,0,0.57,0,0,0,2,1,0,2,1,3,4,2,1
961,0,0,0,0,0.57,0,0,0,2,1,0,2,1,3,4,2,1
962,0,0,0,0,0.57,0,0,0,2,1,0,2,1,3,4,2,1
963,0,0,0,0,0.57,0,0,0,2,1,0,2,1,3,4,2,1
964,0,0,0,0,0.57,0,0,0,2,1,0,2,1,3,4,2,1
965,0,0,0,0,0.57,0,0,0,2,1,0,2,1,3,4,2,1
966,0,0,0,0,0.57,0,0,0,2,1,0,2,1,3,4,2,1
967,0,0,0,0,0.57,0,0,0,2,1,0,2,1,3,4,2,1
968,0,0,0,0,0.57,0,0,0,2,1,0,2,1,3,4,2,1
969,0,0,0,0,0.57,0,0,0,2,1,0,2,1,3,4,2,1
970,0,0,0,0,0.57,0,0,0,2,1,0,2,1,3,4,2,1
971,0,0,0,0,0.57,0,0,0,2,1,0,2,1,3,4,2,1
972,0,0,0,0,0.57,0,0,0,2,1,0,2,1,3,4,2,1
973,0.003858295,0,0,0,0.565172414,0,0,0,2,1,0,2,1,3,4,2,1
974,0.003647843,0,0,0,0.554814815,0,0,0,2,1,0,2,1,3,4,2,1
975,0.000982112,0.004555809,0.009090909,0,0.5,4.60E-05,0,0,2,1,0,2,1,3,4,2,1
976,0.004419502,0.002277904,0,0,0.542,0,0,0,2,1,0,2,1,3,4,2,1
977,0.000420905,0,0,0,0.5525,0,0,0,2,1,0,2,1,3,4,2,1
978,0.004068748,0,0,0,0.548125,0,0,0,2,1,0,2,1,3,4,2,1
979,0.005892669,0,0,0,0.542,0,0,0,2,1,0,2,1,3,4,2,1
980,0.001052262,0,0,0,0.546666667,0,0,0,2,1,0,2,1,3,4,2,1
981,0,0,0,0,0.546,0,0,0,2,1,0,2,1,3,4,2,1
982,0.003788145,0.002277904,0,0,0.531612903,0,0,0,2,1,0,2,1,3,4,2,1
983,7.02E-05,0.002277904,0,0,0.535,0,0,0,2,1,0,2,1,3,4,2,1
984,0,0,0,0,0.542,0,0,0,2,1,0,2,1,3,4,2,1
985,0.002034374,0,0,0,0.53953125,0,0,0,2,1,0,2,1,3,4,2,1
986,0.070361277,0.002277904,0,0.161048689,0.299041096,0,0,0,2,1,2,0,1,4,4,2,1
987,0.00084181,0,0,0,0.535,0,0,0,2,1,0,2,1,3,4,2,1
988,0,0,0,0,0.535,0,0,0,2,1,0,2,1,3,4,2,1
989,0.034373904,0,0,0,0.4972,0,0,0,2,1,0,2,1,3,4,2,1
990,0.007015082,0.002277904,0,0,0.511395349,0,0,0,2,1,0,2,1,3,4,2,1
991,0,0,0,0,0.526923077,0,0,0,2,1,0,2,1,3,4,2,1
992,0.00259558,0,0,0,0.523333333,0,0,0,2,1,0,2,1,3,4,2,1
993,0,0,0,0,0.523333333,0,0,0,2,1,0,2,1,3,4,2,1
994,0.000982112,0,0,0.090909091,0.43,0,0,0,2,1,0,2,1,4,4,2,1
995,0,0,0,0,0.519090909,0,0,0,2,1,0,2,1,3,4,2,1
996,0.009049456,0.006833713,0.009090909,0.272727273,0.170776362,0.00087706,0,0,2,1,2,0,3,4,2,0,3
997,0.002034374,0.002277904,0,0,0.503333333,0,0,0,2,1,0,2,1,3,4,2,1
998,0,0,0,0,0.514,0,0,0,2,1,0,2,1,3,4,2,1
999,0.008839004,0.006833713,0,0.2,0.277142857,0,0,0,2,1,2,0,1,4,4,2,1
1000,0.006874781,0,0,0.1,0.404545455,0,0,0,2,1,0,2,1,4,4,2,1
1001,0.005541915,0,0,0,0.5,0,0,0,2,1,0,2,1,3,4,2,1
1002,0.004138899,0,0,0,0.5,0,0,0,2,1,0,2,1,3,4,2,1
1003,0.001262715,0,0,0,0.5,0,0,0,2,1,0,2,1,3,4,2,1
1004,0.00084181,0,0,0,0.5,0,0,0,2,1,0,2,1,3,4,2,1
1005,0.000771659,0,0,0,0.5,0,0,0,2,1,0,2,1,3,4,2,1
1006,0.000280603,0,0,0,0.5,0,0,0,2,1,0,2,1,3,4,2,1
1007,0,0,0,0,0.5,0,0,0,2,1,0,2,1,3,4,2,1
1008,0,0,0,0,0.5,0,0,0,2,1,0,2,1,3,4,2,1
1009,0,0,0,0,0.5,0,0,0,2,1,0,2,1,3,4,2,1
1010,0,0,0,0,0.5,0,0,0,2,1,0,2,1,3,4,2,1
1011,0,0,0,0,0.5,0,0,0,2,1,0,2,1,3,4,2,1
1012,0,0,0,0,0.5,0,0,0,2,1,0,2,1,3,4,2,1
1013,0.009821115,0.002277904,0,0.263157895,0.217619048,0,0,0,2,1,2,0,3,4,2,0,3
1014,0,0,0,0,0.4975,0,0,0,2,1,0,2,1,3,4,2,1
1015,0.002665731,0,0,0,0.492222222,0,0,0,2,1,0,2,1,3,4,2,1
1016,0.00259558,0,0,0,0.481818182,0,0,0,2,1,0,2,1,3,4,2,1
1017,0.0042792,0,0,0,0.478125,0,0,0,2,1,0,2,1,3,4,2,1
1018,0.001613469,0,0,0,0.476666667,0,0,0,2,1,0,2,1,3,4,2,1
1019,0.000420905,0,0,0,0.476666667,0,0,0,2,1,0,2,1,3,4,2,1
1020,0.000420905,0,0,0,0.476666667,0,0,0,2,1,0,2,1,3,4,2,1
1021,0.000140302,0,0,0,0.476666667,0,0,0,2,1,0,2,1,3,4,2,1
1022,0,0,0,0,0.476666667,0,0,0,2,1,0,2,1,3,4,2,1
1023,0,0,0,0,0.476666667,0,0,0,2,1,0,2,1,3,4,2,1
1024,0.038021747,0,0,0.093457944,0.340266667,0,0,0,2,1,2,0,1,4,4,2,1
1025,0.028621536,0.002277904,0,0.12987013,0.304067797,0,0,0,2,1,2,0,1,4,4,2,1
1026,0,0,0,0,0.465,0,0,0,2,1,0,2,1,3,4,2,1
1027,0.016415293,0.006833713,0,0.117647059,0.295753425,0,0,0,2,1,2,0,1,4,4,2,1
1028,7.02E-05,0,0,0,0.45,0,0,0,2,1,0,2,1,3,4,2,1
1029,0.002806033,0,0,0,0.444,0,0,0,2,1,0,2,1,4,4,2,1
1030,0.0042792,0.006833713,0.009090909,0,0.377350427,0,0,0,2,1,0,2,1,4,4,2,1
1031,0.001543318,0,0,0,0.442727273,0,0,0,2,1,0,2,1,4,4,2,1
1032,0.013679411,0,0,0,0.43,0,0,0,2,1,0,2,1,4,4,2,1
1033,0.004489653,0.002277904,0,0,0.43,0,0,0,2,1,0,2,1,4,4,2,1
1034,0,0,0,0,0.441554127,0,0,0,2,1,0,2,1,4,4,2,1
1035,0.008698702,0,0,0,0.430285714,0,0,0,2,1,0,2,1,4,4,2,1
1036,0.000210452,0,0,0,0.43875,0,0,0,2,1,0,2,1,4,4,2,1
1037,0.000911961,0,0,0,0.4356,0,0,0,2,1,0,2,1,4,4,2,1
1038,0.006313574,0,0,0,0.43,0,0,0,2,1,0,2,1,4,4,2,1
1039,0.004700105,0,0,0,0.43,0,0,0,2,1,0,2,1,4,4,2,1
1040,0.004419502,0,0,0,0.43,0,0,0,2,1,0,2,1,4,4,2,1
1041,0.003297089,0,0,0,0.43,0,0,0,2,1,0,2,1,4,4,2,1
1042,0.002946335,0,0,0,0.43,0,0,0,2,1,0,2,1,4,4,2,1
1043,0.002876184,0,0,0,0.43,0,0,0,2,1,0,2,1,4,4,2,1
1044,0.002385128,0,0,0,0.43,0,0,0,2,1,0,2,1,4,4,2,1
1045,0.001894072,0,0,0,0.43,0,0,0,2,1,0,2,1,4,4,2,1
1046,0.001613469,0,0,0,0.43,0,0,0,2,1,0,2,1,4,4,2,1
1047,0.001473167,0,0,0,0.43,0,0,0,2,1,0,2,1,4,4,2,1
1048,0.001473167,0,0,0,0.43,0,0,0,2,1,0,2,1,4,4,2,1
1049,0.001052262,0,0,0,0.43,0,0,0,2,1,0,2,1,4,4,2,1
1050,0.000911961,0,0,0,0.43,0,0,0,2,1,0,2,1,4,4,2,1
1051,0.000771659,0,0,0,0.43,0,0,0,2,1,0,2,1,4,4,2,1
1052,0.000701508,0,0,0,0.43,0,0,0,2,1,0,2,1,4,4,2,1
1053,0.000701508,0,0,0,0.43,0,0,0,2,1,0,2,1,4,4,2,1
1054,0.000491056,0,0,0,0.43,0,0,0,2,1,0,2,1,4,4,2,1
1055,0.000491056,0,0,0,0.43,0,0,0,2,1,0,2,1,4,4,2,1
1056,0.000420905,0,0,0,0.43,0,0,0,2,1,0,2,1,4,4,2,1
1057,0.000350754,0,0,0,0.43,0,0,0,2,1,0,2,1,4,4,2,1
1058,0.000350754,0,0,0,0.43,0,0,0,2,1,0,2,1,4,4,2,1
1059,0.000280603,0,0,0,0.43,0,0,0,2,1,0,2,1,4,4,2,1
1060,0.000210452,0,0,0,0.43,0,0,0,2,1,0,2,1,4,4,2,1
1061,0.000210452,0,0,0,0.43,0,0,0,2,1,0,2,1,4,4,2,1
1062,0.000140302,0,0,0,0.43,0,0,0,2,1,0,2,1,4,4,2,1
1063,0.000140302,0,0,0,0.43,0,0,0,2,1,0,2,1,4,4,2,1
1064,0.000140302,0,0,0,0.43,0,0,0,2,1,0,2,1,4,4,2,1
1065,0.000140302,0,0,0,0.43,0,0,0,2,1,0,2,1,4,4,2,1
1066,0.000140302,0,0,0,0.43,0,0,0,2,1,0,2,1,4,4,2,1
1067,0.000140302,0,0,0,0.43,0,0,0,2,1,0,2,1,4,4,2,1
1068,0.000140302,0,0,0,0.43,0,0,0,2,1,0,2,1,4,4,2,1
1069,0.000140302,0,0,0,0.43,0,0,0,2,1,0,2,1,4,4,2,1
1070,7.02E-05,0,0,0,0.43,0,0,0,2,1,0,2,1,4,4,2,1
1071,7.02E-05,0,0,0,0.43,0,0,0,2,1,0,2,1,4,4,2,1
1072,7.02E-05,0,0,0,0.43,0,0,0,2,1,0,2,1,4,4,2,1
1073,7.02E-05,0,0,0,0.43,0,0,0,2,1,0,2,1,4,4,2,1
1074,0,0,0,0,0.43,0,0,0,2,1,0,2,1,4,4,2,1
1075,0,0,0,0,0.43,0,0,0,2,1,0,2,1,4,4,2,1
1076,0,0,0,0,0.43,0,0,0,2,1,0,2,1,4,4,2,1
1077,0,0,0,0,0.43,0,0,0,2,1,0,2,1,4,4,2,1
1078,0,0,0,0,0.43,0,0,0,2,1,0,2,1,4,4,2,1
1079,0,0,0,0,0.43,0,0,0,2,1,0,2,1,4,4,2,1
1080,0,0,0,0,0.43,0,0,0,2,1,0,2,1,4,4,2,1
1081,0,0,0,0,0.43,0,0,0,2,1,0,2,1,4,4,2,1
1082,0,0,0,0,0.43,0,0,0,2,1,0,2,1,4,4,2,1
1083,0,0,0,0,0.43,0,0,0,2,1,0,2,1,4,4,2,1
1084,0,0,0,0,0.43,0,0,0,2,1,0,2,1,4,4,2,1
1085,0,0,0,0,0.43,0,0,0,2,1,0,2,1,4,4,2,1
1086,0,0,0,0,0.43,0,0,0,2,1,0,2,1,4,4,2,1
1087,0,0,0,0,0.43,0,0,0,2,1,0,2,1,4,4,2,1
1088,0,0,0,0,0.43,0,0,0,2,1,0,2,1,4,4,2,1
1089,0,0,0,0,0.43,0,0,0,2,1,0,2,1,4,4,2,1
1090,0,0,0,0,0.43,0,0,0,2,1,0,2,1,4,4,2,1
1091,0,0,0,0,0.43,0,0,0,2,1,0,2,1,4,4,2,1
1092,0,0,0,0,0.43,0,0,0,2,1,0,2,1,4,4,2,1
1093,0,0,0,0,0.43,0,0,0,2,1,0,2,1,4,4,2,1
1094,0,0,0,0,0.43,0,0,0,2,1,0,2,1,4,4,2,1
1095,0,0,0,0,0.43,0,0,0,2,1,0,2,1,4,4,2,1
1096,0,0,0,0,0.43,0,0,0,2,1,0,2,1,4,4,2,1
1097,0,0,0,0,0.43,0,0,0,2,1,0,2,1,4,4,2,1
1098,0,0,0,0,0.43,0,0,0,2,1,0,2,1,4,4,2,1
1099,0,0,0,0,0.43,0,0,0,2,1,0,2,1,4,4,2,1
1100,0,0,0,0,0.43,0,0,0,2,1,0,2,1,4,4,2,1
1101,0,0,0,0,0.43,0,0,0,2,1,0,2,1,4,4,2,1
1102,0,0,0,0,0.43,0,0,0,2,1,0,2,1,4,4,2,1
1103,0,0,0,0,0.43,0,0,0,2,1,0,2,1,4,4,2,1
1104,0,0,0,0,0.43,0,0,0,2,1,0,2,1,4,4,2,1
1105,0,0,0,0,0.43,0,0,0,2,1,0,2,1,4,4,2,1
1106,0,0,0,0,0.43,0,0,0,2,1,0,2,1,4,4,2,1
1107,0,0,0,0,0.43,0,0,0,2,1,0,2,1,4,4,2,1
1108,0,0,0,0,0.43,0,0,0,2,1,0,2,1,4,4,2,1
1109,0,0,0,0,0.43,0,0,0,2,1,0,2,1,4,4,2,1
1110,0,0,0,0,0.43,0,0,0,2,1,0,2,1,4,4,2,1
1111,0,0,0,0,0.43,0,0,0,2,1,0,2,1,4,4,2,1
1112,0,0,0,0,0.43,0,0,0,2,1,0,2,1,4,4,2,1
1113,0,0,0,0,0.43,0,0,0,2,1,0,2,1,4,4,2,1
1114,0,0,0,0,0.43,0,0,0,2,1,0,2,1,4,4,2,1
1115,0,0,0,0,0.43,0,0,0,2,1,0,2,1,4,4,2,1
1116,0,0,0,0,0.43,0,0,0,2,1,0,2,1,4,4,2,1
1117,0,0,0,0,0.43,0,0,0,2,1,0,2,1,4,4,2,1
1118,0,0,0,0,0.43,0,0,0,2,1,0,2,1,4,4,2,1
1119,0,0,0,0,0.43,0,0,0,2,1,0,2,1,4,4,2,1
1120,0,0,0,0,0.43,0,0,0,2,1,0,2,1,4,4,2,1
1121,0,0,0,0,0.43,0,0,0,2,1,0,2,1,4,4,2,1
1122,0,0,0,0,0.43,0,0,0,2,1,0,2,1,4,4,2,1
1123,0,0,0,0,0.43,0,0,0,2,1,0,2,1,4,4,2,1
1124,0,0,0,0,0.43,0,0,0,2,1,0,2,1,4,4,2,1
1125,0,0,0,0,0.43,0,0,0,2,1,0,2,1,4,4,2,1
1126,0,0,0,0,0.43,0,0,0,2,1,0,2,1,4,4,2,1
1127,0,0,0,0,0.43,0,0,0,2,1,0,2,1,4,4,2,1
1128,0,0,0,0,0.43,0,0,0,2,1,0,2,1,4,4,2,1
1129,0,0,0,0,0.43,0,0,0,2,1,0,2,1,4,4,2,1
1130,0,0,0,0,0.43,0,0,0,2,1,0,2,1,4,4,2,1
1131,0,0,0,0,0.43,0,0,0,2,1,0,2,1,4,4,2,1
1132,0,0,0,0,0.43,0,0,0,2,1,0,2,1,4,4,2,1
1133,0,0,0,0,0.43,0,0,0,2,1,0,2,1,4,4,2,1
1134,0,0,0,0,0.43,0,0,0,2,1,0,2,1,4,4,2,1
1135,0,0,0,0,0.43,0,0,0,2,1,0,2,1,4,4,2,1
1136,0,0,0,0,0.43,0,0,0,2,1,0,2,1,4,4,2,1
1137,0,0,0,0,0.43,0,0,0,2,1,0,2,1,4,4,2,1
1138,0,0,0,0,0.43,0,0,0,2,1,0,2,1,4,4,2,1
1139,0,0,0,0,0.43,0,0,0,2,1,0,2,1,4,4,2,1
1140,0,0,0,0,0.43,0,0,0,2,1,0,2,1,4,4,2,1
1141,0,0,0,0,0.43,0,0,0,2,1,0,2,1,4,4,2,1
1142,0,0,0,0,0.43,0,0,0,2,1,0,2,1,4,4,2,1
1143,0,0,0,0,0.43,0,0,0,2,1,0,2,1,4,4,2,1
1144,0,0,0,0,0.423,0,0,0,2,1,0,2,1,4,4,2,1
1145,0.000350754,0,0,0,0.422631579,0,0,0,2,1,0,2,1,4,4,2,1
1146,0,0,0,0,0.419818182,0,0,0,2,1,0,2,1,4,4,2,1
1147,0,0,0,0,0.417826087,0,0,0,2,1,0,2,1,4,4,2,1
1148,0,0,0,0,0.417272727,0,0,0,2,1,0,2,1,4,4,2,1
1149,0.028551385,0,0,0.097087379,0.29,0,0,0,2,1,2,0,1,4,4,2,1
1150,0.005191161,0,0,0,0.41,0,0,0,2,1,0,2,1,4,4,2,1
1151,0.002665731,0,0,0,0.409354839,0,0,0,2,1,0,2,1,4,4,2,1
1152,0.000140302,0,0,0,0.411610169,0,0,0,2,1,0,2,1,4,4,2,1
1153,0.003788145,0,0,0,0.402777778,0,0,0,2,1,0,2,1,4,4,2,1
1154,0.003928446,0,0,0,0.402,0,0,0,2,1,0,2,1,4,4,2,1
1155,0.000420905,0,0,0,0.397692308,0,0,0,2,1,0,2,1,4,4,2,1
1156,0,0,0,0,0.395,0,0,0,2,1,0,2,1,4,4,2,1
1157,0,0,0,0,0.383333333,0,0,0,2,1,0,2,1,4,4,2,1
1158,0,0,0,0,0.364846154,0,0,0,2,1,2,0,1,4,4,2,1
1159,0,0,0,0,0.364117647,0,0,0,2,1,2,0,1,4,4,2,1
1160,0.000420905,0,0,0,0.36,0,0,0,2,1,2,0,1,4,4,2,1
1161,0.000350754,0,0,0,0.36,0,0,0,2,1,2,0,1,4,4,2,1
1162,0.000210452,0,0,0,0.36,0,0,0,2,1,2,0,1,4,4,2,1
1163,0,0,0,0,0.36,0,0,0,2,1,2,0,1,4,4,2,1
1164,0,0,0,0,0.36,0,0,0,2,1,2,0,1,4,4,2,1
1165,0,0,0,0,0.355882353,0,0,0,2,1,2,0,1,4,4,2,1
1166,0.000771659,0,0,0,0.351827605,0,0,0,2,1,2,0,1,4,4,2,1
1167,0,0,0,0,0.351025641,0,0,0,2,1,2,0,1,4,4,2,1
1168,0.001052262,0,0,0,0.346,0,0,0,2,1,2,0,1,4,4,2,1
1169,0.002174676,0,0,0,0.342,0,0,0,2,1,2,0,1,4,4,2,1
1170,0.002034374,0,0,0,0.336666667,0,0,0,2,1,2,0,1,4,4,2,1
1171,0.001753771,0,0,0,0.335037879,0,0,0,2,1,2,0,1,4,4,2,1
1172,0,0,0,0,0.33,0,0,0,2,1,2,0,1,4,4,2,1
1173,0.001192564,0,0,0,0.325,0,0,0,2,1,2,0,1,4,4,2,1
1174,0.007997194,0,0,0,0.31625,0,0,0,2,1,2,0,1,4,4,2,1
1175,0.002244826,0,0,0,0.31443203,0,0,0,2,1,2,0,1,4,4,2,1
1176,0.020694493,0,0,0,0.29,0,0,0,2,1,2,0,1,4,4,2,1
1177,0.001823921,0,0,0,0.301052632,0,0,0,2,1,2,0,1,4,4,2,1
1178,0.000280603,0,0,0,0.3012,0,0,0,2,1,2,0,1,4,4,2,1
1179,0.00940021,0,0,0,0.288571429,0,0,0,2,1,2,0,1,4,4,2,1
1180,0.001332866,0,0,0,0.295714286,0,0,0,2,1,2,0,1,4,4,2,1
1181,0.006664328,0,0,0,0.29,0,0,0,2,1,2,0,1,4,4,2,1
1182,0.003086636,0,0,0,0.29,0,0,0,2,1,2,0,1,4,4,2,1
1183,0.002385128,0,0,0,0.29,0,0,0,2,1,2,0,1,4,4,2,1
1184,0.001262715,0,0,0,0.29,0,0,0,2,1,2,0,1,4,4,2,1
1185,0.000561207,0,0,0,0.29,0,0,0,2,1,2,0,1,4,4,2,1
1186,0.000491056,0,0,0,0.29,0,0,0,2,1,2,0,1,4,4,2,1
1187,0.000350754,0,0,0,0.29,0,0,0,2,1,2,0,1,4,4,2,1
1188,0.000280603,0,0,0,0.29,0,0,0,2,1,2,0,1,4,4,2,1
1189,0.000280603,0,0,0,0.29,0,0,0,2,1,2,0,1,4,4,2,1
1190,0.000210452,0,0,0,0.29,0,0,0,2,1,2,0,1,4,4,2,1
1191,0.000210452,0,0,0,0.29,0,0,0,2,1,2,0,1,4,4,2,1
1192,0.000140302,0,0,0,0.29,0,0,0,2,1,2,0,1,4,4,2,1
1193,0.000140302,0,0,0,0.29,0,0,0,2,1,2,0,1,4,4,2,1
1194,0.000140302,0,0,0,0.29,0,0,0,2,1,2,0,1,4,4,2,1
1195,0.000140302,0,0,0,0.29,0,0,0,2,1,2,0,1,4,4,2,1
1196,0,0,0,0,0.29,0,0,0,2,1,2,0,1,4,4,2,1
1197,0,0,0,0,0.29,0,0,0,2,1,2,0,1,4,4,2,1
1198,0,0,0,0,0.29,0,0,0,2,1,2,0,1,4,4,2,1
1199,0,0,0,0,0.29,0,0,0,2,1,2,0,1,4,4,2,1
1200,0,0,0,0,0.29,0,0,0,2,1,2,0,1,4,4,2,1
1201,0,0,0,0,0.29,0,0,0,2,1,2,0,1,4,4,2,1
1202,0,0,0,0,0.29,0,0,0,2,1,2,0,1,4,4,2,1
1203,0,0,0,0,0.29,0,0,0,2,1,2,0,1,4,4,2,1
1204,0,0,0,0,0.29,0,0,0,2,1,2,0,1,4,4,2,1
1205,0,0,0,0,0.29,0,0,0,2,1,2,0,1,4,4,2,1
1206,0,0,0,0,0.29,0,0,0,2,1,2,0,1,4,4,2,1
1207,0,0,0,0,0.29,0,0,0,2,1,2,0,1,4,4,2,1
1208,0,0,0,0,0.29,0,0,0,2,1,2,0,1,4,4,2,1
1209,0,0,0,0,0.29,0,0,0,2,1,2,0,1,4,4,2,1
1210,0,0,0,0,0.29,0,0,0,2,1,2,0,1,4,4,2,1
1211,0,0,0,0,0.29,0,0,0,2,1,2,0,1,4,4,2,1
1212,0,0,0,0,0.29,0,0,0,2,1,2,0,1,4,4,2,1
1213,0,0,0,0,0.29,0,0,0,2,1,2,0,1,4,4,2,1
1214,0,0,0,0,0.29,0,0,0,2,1,2,0,1,4,4,2,1
1215,0,0,0,0,0.29,0,0,0,2,1,2,0,1,4,4,2,1
1216,0,0,0,0,0.29,0,0,0,2,1,2,0,1,4,4,2,1
1217,0,0,0,0,0.29,0,0,0,2,1,2,0,1,4,4,2,1
1218,0,0,0,0,0.29,0,0,0,2,1,2,0,1,4,4,2,1
1219,0,0,0,0,0.29,0,0,0,2,1,2,0,1,4,4,2,1
1220,0,0,0,0,0.29,0,0,0,2,1,2,0,1,4,4,2,1
1221,0,0,0,0,0.29,0,0,0,2,1,2,0,1,4,4,2,1
1222,0,0,0,0,0.29,0,0,0,2,1,2,0,1,4,4,2,1
1223,0,0,0,0,0.29,0,0,0,2,1,2,0,1,4,4,2,1
1224,0,0,0,0,0.29,0,0,0,2,1,2,0,1,4,4,2,1
1225,0,0,0,0,0.29,0,0,0,2,1,2,0,1,4,4,2,1
1226,0,0,0,0,0.29,0,0,0,2,1,2,0,1,4,4,2,1
1227,0,0,0,0,0.29,0,0,0,2,1,2,0,1,4,4,2,1
1228,0,0,0,0,0.29,0,0,0,2,1,2,0,1,4,4,2,1
1229,0,0,0,0,0.29,0,0,0,2,1,2,0,1,4,4,2,1
1230,0,0,0,0,0.29,0,0,0,2,1,2,0,1,4,4,2,1
1231,0,0,0,0,0.29,0,0,0,2,1,2,0,1,4,4,2,1
1232,0,0,0,0,0.29,0,0,0,2,1,2,0,1,4,4,2,1
1233,0,0,0,0,0.29,0,0,0,2,1,2,0,1,4,4,2,1
1234,0,0,0,0,0.29,0,0,0,2,1,2,0,1,4,4,2,1
1235,0,0,0,0,0.29,0,0,0,2,1,2,0,1,4,4,2,1
1236,0,0,0,0,0.29,0,0,0,2,1,2,0,1,4,4,2,1
1237,0,0,0,0,0.29,0,0,0,2,1,2,0,1,4,4,2,1
1238,0,0,0,0,0.29,0,0,0,2,1,2,0,1,4,4,2,1
1239,0,0,0,0,0.29,0,0,0,2,1,2,0,1,4,4,2,1
1240,0,0,0,0,0.29,0,0,0,2,1,2,0,1,4,4,2,1
1241,0,0,0,0,0.29,0,0,0,2,1,2,0,1,4,4,2,1
1242,0,0,0,0,0.29,0,0,0,2,1,2,0,1,4,4,2,1
1243,0,0,0,0,0.29,0,0,0,2,1,2,0,1,4,4,2,1
1244,0,0,0,0,0.29,0,0,0,2,1,2,0,1,4,4,2,1
1245,0,0,0,0,0.29,0,0,0,2,1,2,0,1,4,4,2,1
1246,0,0,0,0,0.29,0,0,0,2,1,2,0,1,4,4,2,1
1247,0,0,0,0,0.29,0,0,0,2,1,2,0,1,4,4,2,1
1248,0,0,0,0,0.29,0,0,0,2,1,2,0,1,4,4,2,1
1249,0,0,0,0,0.29,0,0,0,2,1,2,0,1,4,4,2,1
1250,0,0,0,0,0.286332945,0,0,0,2,1,2,0,1,4,4,2,1
1251,0,0,0,0,0.285454546,0,0,0,2,1,2,0,1,4,4,2,1
1252,0,0,0,0,0.285,0,0,0,2,1,2,0,1,4,4,2,1
1253,0,0,0,0,0.285,0,0,0,2,1,2,0,1,4,4,2,1
1254,0,0,0,0,0.284482759,0,0,0,2,1,2,0,1,4,4,2,1
1255,0.010101719,0,0,0,0.272810458,0,0,0,2,1,2,0,1,4,4,2,1
1256,0.000350754,0,0,0,0.275,0,0,0,2,1,2,0,1,4,4,2,1
1257,0.012136093,0,0,0,0.225416667,0,0,0,2,1,2,0,3,4,2,0,3
1258,0,0,0,0,0.215,0,0,0,2,1,2,0,3,4,2,0,3
1259,0.000140302,0,0,0,0.214318182,0,0,0,2,1,2,0,3,4,2,0,3
1260,0,0,0,0,0.206666667,0,0,0,2,1,2,0,3,4,2,0,3
1261,0.000631357,0,0,0,0.19,0,0,0,2,1,2,0,3,4,2,0,3
1262,0,0,0,0,0.19,0,0,0,2,1,2,0,3,4,2,0,3
1263,0.003507541,0,0,0,0.185454545,0,0,0,2,1,2,0,3,4,2,0,3
1264,0,0,0,0,0.163913044,0,0,0,2,1,2,0,3,4,2,0,3
1265,0,0,0,0,0.160901034,0,0,0,2,1,2,0,3,4,2,0,3
1266,0.000350754,0,0,0,0.14,0,0,0,2,1,2,0,3,4,2,0,3
1267,7.02E-05,0,0,0,0.14,0,0,0,2,1,2,0,3,4,2,0,3
1268,0,0,0,0,0.14,0,0,0,2,1,2,0,3,4,2,0,3
1269,0,0,0,0,0.14,0,0,0,2,1,2,0,3,4,2,0,3
1270,0,0,0,0,0.14,0,0,0,2,1,2,0,3,4,2,0,3
1271,0,0,0,0,0.14,0,0,0,2,1,2,0,3,4,2,0,3
1272,0,0,0,0,0.14,0,0,0,2,1,2,0,3,4,2,0,3
1273,0,0,0,0,0.14,0,0,0,2,1,2,0,3,4,2,0,3
1274,0,0,0,0,0.14,0,0,0,2,1,2,0,3,4,2,0,3
1275,0,0,0,0,0.14,0,0,0,2,1,2,0,3,4,2,0,3
1276,0,0,0,0,0.14,0,0,0,2,1,2,0,3,4,2,0,3
1277,0,0,0,0,0.14,0,0,0,2,1,2,0,3,4,2,0,3
1278,0,0,0,0,0.14,0,0,0,2,1,2,0,3,4,2,0,3
1279,0,0,0,0,0.14,0,0,0,2,1,2,0,3,4,2,0,3
1280,0,0,0,0,0.14,0,0,0,2,1,2,0,3,4,2,0,3
1281,0,0,0,0,0.14,0,0,0,2,1,2,0,3,4,2,0,3
1282,0,0,0,0,0.14,0,0,0,2,1,2,0,3,4,2,0,3
1283,0,0,0,0,0.14,0,0,0,2,1,2,0,3,4,2,0,3
1284,0,0,0,0,0.14,0,0,0,2,1,2,0,3,4,2,0,3
1285,0,0,0,0,0.14,0,0,0,2,1,2,0,3,4,2,0,3
1286,0,0,0,0,0.14,0,0,0,2,1,2,0,3,4,2,0,3
1287,0,0,0,0,0.14,0,0,0,2,1,2,0,3,4,2,0,3
1288,0,0,0,0,0.14,0,0,0,2,1,2,0,3,4,2,0,3
1289,0,0,0,0,0.14,0,0,0,2,1,2,0,3,4,2,0,3
1290,0,0,0,0,0.14,0,0,0,2,1,2,0,3,4,2,0,3
1291,0,0,0,0,0.14,0,0,0,2,1,2,0,3,4,2,0,3
1292,0,0,0,0,0.14,0,0,0,2,1,2,0,3,4,2,0,3
1293,0,0,0,0,0.14,0,0,0,2,1,2,0,3,4,2,0,3
1294,0,0,0,0,0.14,0,0,0,2,1,2,0,3,4,2,0,3
1295,0,0,0,0,0.14,0,0,0,2,1,2,0,3,4,2,0,3
1296,0,0,0,0,0.14,0,0,0,2,1,2,0,3,4,2,0,3
1297,0,0,0,0,0.14,0,0,0,2,1,2,0,3,4,2,0,3
1298,0.002665731,0,0,0,0,0,0,0,2,1,2,0,3,4,2,0,3
1299,0.001543318,0,0,0,0,0,0,0,2,1,2,0,3,4,2,0,3
1300,0,0,0,0,0,0,0,0,2,1,2,0,3,4,2,0,3
1301,0,0,0,0,0,0,0,0,2,1,2,0,3,4,2,0,3
1302,0,0,0,0,0,0,0,0,2,1,2,0,3,4,2,0,3
1303,0,0,0,0,0,0,0,0,2,1,2,0,3,4,2,0,3
1304,0,0,0,0,0,0,0,0,2,1,2,0,3,4,2,0,3
1305,0,0,0,0,0,0,0,0,2,1,2,0,3,4,2,0,3
1306,0,0,0,0,0,0,0,0,2,1,2,0,3,4,2,0,3
1307,0,0,0,0,0,0,0,0,2,1,2,0,3,4,2,0,3
1308,0,0,0,0,0,0,0,0,2,1,2,0,3,4,2,0,3
1309,0,0,0,0,0,0,0,0,2,1,2,0,3,4,2,0,3
1310,0,0,0,0,0,0,0,0,2,1,2,0,3,4,2,0,3
1311,0,0,0,0,0,0,0,0,2,1,2,0,3,4,2,0,3
1312,0,0,0,0,0,0,0,0,2,1,2,0,3,4,2,0,3
1313,0,0,0,0,0,0,0,0,2,1,2,0,3,4,2,0,3
1314,0,0,0,0,0,0,0,0,2,1,2,0,3,4,2,0,3
1315,0,0,0,0,0,0,0,0,2,1,2,0,3,4,2,0,3
1316,0,0,0,0,0,0,0,0,2,1,2,0,3,4,2,0,3
1317,0,0,0,0,0,0,0,0,2,1,2,0,3,4,2,0,3
1318,0,0,0,0,0,0,0,0,2,1,2,0,3,4,2,0,3
1319,0,0,0,0,0,0,0,0,2,1,2,0,3,4,2,0,3
1320,0,0,0,0,0,0,0,0,2,1,2,0,3,4,2,0,3
1321,0,0,0,0,0,0,0,0,2,1,2,0,3,4,2,0,3
1322,0,0,0,0,0,0,0,0,2,1,2,0,3,4,2,0,3
1323,0,0,0,0,0,0,0,0,2,1,2,0,3,4,2,0,3
1324,0,0,0,0,0,0,0,0,2,1,2,0,3,4,2,0,3
1325,0,0,0,0,0,0,0,0,2,1,2,0,3,4,2,0,3
1326,0,0,0,0,0,0,0,0,2,1,2,0,3,4,2,0,3
1327,0,0,0,0,0,0,0,0,2,1,2,0,3,4,2,0,3
1328,0,0,0,0,0,0,0,0,2,1,2,0,3,4,2,0,3
1329,0,0,0,0,0,0,0,0,2,1,2,0,3,4,2,0,3
1330,0,0,0,0,0,0,0,0,2,1,2,0,3,4,2,0,3
1331,0,0,0,0,0,0,0,0,2,1,2,0,3,4,2,0,3
1332,0,0,0,0,0,0,0,0,2,1,2,0,3,4,2,0,3
1333,0,0,0,0,0,0,0,0,2,1,2,0,3,4,2,0,3
1334,0,0,0,0,0,0,0,0,2,1,2,0,3,4,2,0,3
1335,0,0,0,0,0,0,0,0,2,1,2,0,3,4,2,0,3
1336,0,0,0,0,0,0,0,0,2,1,2,0,3,4,2,0,3
1337,0,0,0,0,0,0,0,0,2,1,2,0,3,4,2,0,3
1338,0,0,0,0,0,0,0,0,2,1,2,0,3,4,2,0,3
1339,0,0,0,0,0,0,0,0,2,1,2,0,3,4,2,0,3
1340,0,0,0,0,0,0,0,0,2,1,2,0,3,4,2,0,3
1341,0,0,0,0,0,0,0,0,2,1,2,0,3,4,2,0,3
1342,0,0,0,0,0,0,0,0,2,1,2,0,3,4,2,0,3
1343,0,0,0,0,0,0,0,0,2,1,2,0,3,4,2,0,3
1344,0,0,0,0,0,0,0,0,2,1,2,0,3,4,2,0,3
1345,0,0,0,0,0,0,0,0,2,1,2,0,3,4,2,0,3
1346,0,0,0,0,0,0,0,0,2,1,2,0,3,4,2,0,3
1347,0,0,0,0,0,0,0,0,2,1,2,0,3,4,2,0,3
1348,0,0,0,0,0,0,0,0,2,1,2,0,3,4,2,0,3
1349,0,0,0,0,0,0,0,0,2,1,2,0,3,4,2,0,3
1350,0,0,0,0,0,0,0,0,2,1,2,0,3,4,2,0,3
1351,0,0,0,0,0,0,0,0,2,1,2,0,3,4,2,0,3
1352,0,0,0,0,0,0,0,0,2,1,2,0,3,4,2,0,3
1353,0,0,0,0,0,0,0,0,2,1,2,0,3,4,2,0,3
1354,0,0,0,0,0,0,0,0,2,1,2,0,3,4,2,0,3
1355,0,0,0,0,0,0,0,0,2,1,2,0,3,4,2,0,3
1356,0,0,0,0,0,0,0,0,2,1,2,0,3,4,2,0,3
1357,0,0,0,0,0,0,0,0,2,1,2,0,3,4,2,0,3
1358,0,0,0,0,0,0,0,0,2,1,2,0,3,4,2,0,3
1359,0,0,0,0,0,0,0,0,2,1,2,0,3,4,2,0,3
1360,0,0,0,0,0,0,0,0,2,1,2,0,3,4,2,0,3
1361,0,0,0,0,0,0,0,0,2,1,2,0,3,4,2,0,3
1362,0,0,0,0,0,0,0,0,2,1,2,0,3,4,2,0,3
1363,0,0,0,0,0,0,0,0,2,1,2,0,3,4,2,0,3
1364,0,0,0,0,0,0,0,0,2,1,2,0,3,4,2,0,3
1365,0,0,0,0,0,0,0,0,2,1,2,0,3,4,2,0,3
1366,0,0,0,0,0,0,0,0,2,1,2,0,3,4,2,0,3
1367,0,0,0,0,0,0,0,0,2,1,2,0,3,4,2,0,3
1368,0,0,0,0,0,0,0,0,2,1,2,0,3,4,2,0,3
1369,0,0,0,0,0,0,0,0,2,1,2,0,3,4,2,0,3
1370,0,0,0,0,0,0,0,0,2,1,2,0,3,4,2,0,3
1371,0,0,0,0,0,0,0,0,2,1,2,0,3,4,2,0,3
1372,0,0,0,0,0,0,0,0,2,1,2,0,3,4,2,0,3
1373,0,0,0,0,0,0,0,0,2,1,2,0,3,4,2,0,3
1374,0,0,0,0,0,0,0,0,2,1,2,0,3,4,2,0,3
1375,0,0,0,0,0,0,0,0,2,1,2,0,3,4,2,0,3
1376,0,0,0,0,0,0,0,0,2,1,2,0,3,4,2,0,3
1377,0,0,0,0,0,0,0,0,2,1,2,0,3,4,2,0,3
1378,0,0,0,0,0,0,0,0,2,1,2,0,3,4,2,0,3
1379,0,0,0,0,0,0,0,0,2,1,2,0,3,4,2,0,3
1380,0,0,0,0,0,0,0,0,2,1,2,0,3,4,2,0,3
1381,0,0,0,0,0,0,0,0,2,1,2,0,3,4,2,0,3
1382,0,0,0,0,0,0,0,0,2,1,2,0,3,4,2,0,3
1383,0,0,0,0,0,0,0,0,2,1,2,0,3,4,2,0,3
1384,0,0,0,0,0,0,0,0,2,1,2,0,3,4,2,0,3
1385,0,0,0,0,0,0,0,0,2,1,2,0,3,4,2,0,3
1386,0,0,0,0,0,0,0,0,2,1,2,0,3,4,2,0,3
1387,0,0,0,0,0,0,0,0,2,1,2,0,3,4,2,0,3
1388,0,0,0,0,0,0,0,0,2,1,2,0,3,4,2,0,3
1389,0,0,0,0,0,0,0,0,2,1,2,0,3,4,2,0,3
1390,0,0,0,0,0,0,0,0,2,1,2,0,3,4,2,0,3
1391,0,0,0,0,0,0,0,0,2,1,2,0,3,4,2,0,3
1392,0,0,0,0,0,0,0,0,2,1,2,0,3,4,2,0,3
1393,0,0,0,0,0,0,0,0,2,1,2,0,3,4,2,0,3
1394,0,0,0,0,0,0,0,0,2,1,2,0,3,4,2,0,3
1395,0,0,0,0,0,0,0,0,2,1,2,0,3,4,2,0,3
1396,0,0,0,0,0,0,0,0,2,1,2,0,3,4,2,0,3
1397,0,0,0,0,0,0,0,0,2,1,2,0,3,4,2,0,3
1398,0,0,0,0,0,0,0,0,2,1,2,0,3,4,2,0,3
1399,0,0,0,0,0,0,0,0,2,1,2,0,3,4,2,0,3
1400,0,0,0,0,0,0,0,0,2,1,2,0,3,4,2,0,3
1401,0,0,0,0,0,0,0,0,2,1,2,0,3,4,2,0,3
1402,0,0,0,0,0,0,0,0,2,1,2,0,3,4,2,0,3
1403,0,0,0,0,0,0,0,0,2,1,2,0,3,4,2,0,3
1404,0,0,0,0,0,0,0,0,2,1,2,0,3,4,2,0,3
1405,0,0,0,0,0,0,0,0,2,1,2,0,3,4,2,0,3
1406,0,0,0,0,0,0,0,0,2,1,2,0,3,4,2,0,3
1407,0,0,0,0,0,0,0,0,2,1,2,0,3,4,2,0,3
1408,0,0,0,0,0,0,0,0,2,1,2,0,3,4,2,0,3
1409,0,0,0,0,0,0,0,0,2,1,2,0,3,4,2,0,3
1410,0,0,0,0,0,0,0,0,2,1,2,0,3,4,2,0,3
1411,0,0,0,0,0,0,0,0,2,1,2,0,3,4,2,0,3
1412,0,0,0,0,0,0,0,0,2,1,2,0,3,4,2,0,3
1413,0,0,0,0,0,0,0,0,2,1,2,0,3,4,2,0,3
1414,0,0,0,0,0,0,0,0,2,1,2,0,3,4,2,0,3
1415,0,0,0,0,0,0,0,0,2,1,2,0,3,4,2,0,3
1416,0,0,0,0,0,0,0,0,2,1,2,0,3,4,2,0,3
1417,0,0,0,0,0,0,0,0,2,1,2,0,3,4,2,0,3
1418,0,0,0,0,0,0,0,0,2,1,2,0,3,4,2,0,3
1419,0,0,0,0,0,0,0,0,2,1,2,0,3,4,2,0,3
1420,0,0,0,0,0,0,0,0,2,1,2,0,3,4,2,0,3
1421,0,0,0,0,0,0,0,0,2,1,2,0,3,4,2,0,3
1422,0,0,0,0,0,0,0,0,2,1,2,0,3,4,2,0,3
1423,0,0,0,0,0,0,0,0,2,1,2,0,3,4,2,0,3
1424,0,0,0,0,0,0,0,0,2,1,2,0,3,4,2,0,3
1425,0,0,0,0,0,0,0,0,2,1,2,0,3,4,2,0,3
1426,0,0,0,0,0,0,0,0,2,1,2,0,3,4,2,0,3
1427,0,0,0,0,0,0,0,0,2,1,2,0,3,4,2,0,3
1428,0,0,0,0,0,0,0,0,2,1,2,0,3,4,2,0,3
1429,0,0,0,0,0,0,0,0,2,1,2,0,3,4,2,0,3
1430,0,0,0,0,0,0,0,0,2,1,2,0,3,4,2,0,3
1431,0,0,0,0,0,0,0,0,2,1,2,0,3,4,2,0,3
1432,0,0,0,0,0,0,0,0,2,1,2,0,3,4,2,0,3
1433,0,0,0,0,0,0,0,0,2,1,2,0,3,4,2,0,3
1434,0,0,0,0,0,0,0,0,2,1,2,0,3,4,2,0,3
1435,0,0,0,0,0,0,0,0,2,1,2,0,3,4,2,0,3
1436,0,0,0,0,0,0,0,0,2,1,2,0,3,4,2,0,3
1437,0,0,0,0,0,0,0,0,2,1,2,0,3,4,2,0,3
1438,0,0,0,0,0,0,0,0,2,1,2,0,3,4,2,0,3
1439,0,0,0,0,0,0,0,0,2,1,2,0,3,4,2,0,3
1440,0,0,0,0,0,0,0,0,2,1,2,0,3,4,2,0,3
1441,0,0,0,0,0,0,0,0,2,1,2,0,3,4,2,0,3
1442,0,0,0,0,0,0,0,0,2,1,2,0,3,4,2,0,3
1443,0,0,0,0,0,0,0,0,2,1,2,0,3,4,2,0,3
1444,0,0,0,0,0,0,0,0,2,1,2,0,3,4,2,0,3
1445,0,0,0,0,0,0,0,0,2,1,2,0,3,4,2,0,3
1446,0,0,0,0,0,0,0,0,2,1,2,0,3,4,2,0,3
1447,0,0,0,0,0,0,0,0,2,1,2,0,3,4,2,0,3
1448,0,0,0,0,0,0,0,0,2,1,2,0,3,4,2,0,3
1449,0,0,0,0,0,0,0,0,2,1,2,0,3,4,2,0,3
1450,0,0,0,0,0,0,0,0,2,1,2,0,3,4,2,0,3
1451,0,0,0,0,0,0,0,0,2,1,2,0,3,4,2,0,3
1452,0,0,0,0,0,0,0,0,2,1,2,0,3,4,2,0,3
1453,0,0,0,0,0,0,0,0,2,1,2,0,3,4,2,0,3
1454,0,0,0,0,0,0,0,0,2,1,2,0,3,4,2,0,3
1455,0,0,0,0,0,0,0,0,2,1,2,0,3,4,2,0,3
1456,0,0,0,0,0,0,0,0,2,1,2,0,3,4,2,0,3
1457,0,0,0,0,0,0,0,0,2,1,2,0,3,4,2,0,3
1458,0,0,0,0,0,0,0,0,2,1,2,0,3,4,2,0,3
1459,0,0,0,0,0,0,0,0,2,1,2,0,3,4,2,0,3
1460,0,0,0,0,0,0,0,0,2,1,2,0,3,4,2,0,3
1461,0,0,0,0,0,0,0,0,2,1,2,0,3,4,2,0,3
1462,0,0,0,0,0,0,0,0,2,1,2,0,3,4,2,0,3
1463,0,0,0,0,0,0,0,0,2,1,2,0,3,4,2,0,3
1464,0,0,0,0,0,0,0,0,2,1,2,0,3,4,2,0,3
1465,0,0,0,0,0,0,0,0,2,1,2,0,3,4,2,0,3
1466,0,0,0,0,0,0,0,0,2,1,2,0,3,4,2,0,3
1467,0,0,0,0,0,0,0,0,2,1,2,0,3,4,2,0,3
1468,0,0,0,0,0,0,0,0,2,1,2,0,3,4,2,0,3
1469,0,0,0,0,0,0,0,0,2,1,2,0,3,4,2,0,3
1470,0,0,0,0,0,0,0,0,2,1,2,0,3,4,2,0,3
1471,0,0,0,0,0,0,0,0,2,1,2,0,3,4,2,0,3
1472,0,0,0,0,0,0,0,0,2,1,2,0,3,4,2,0,3
1473,0,0,0,0,0,0,0,0,2,1,2,0,3,4,2,0,3
1474,0,0,0,0,0,0,0,0,2,1,2,0,3,4,2,0,3
1475,0,0,0,0,0,0,0,0,2,1,2,0,3,4,2,0,3
1476,0,0,0,0,0,0,0,0,2,1,2,0,3,4,2,0,3
1477,0,0,0,0,0,0,0,0,2,1,2,0,3,4,2,0,3
1478,0,0,0,0,0,0,0,0,2,1,2,0,3,4,2,0,3
1479,0,0,0,0,0,0,0,0,2,1,2,0,3,4,2,0,3
1480,0,0,0,0,0,0,0,0,2,1,2,0,3,4,2,0,3
1481,0,0,0,0,0,0,0,0,2,1,2,0,3,4,2,0,3
1482,0,0,0,0,0,0,0,0,2,1,2,0,3,4,2,0,3
1483,0,0,0,0,0,0,0,0,2,1,2,0,3,4,2,0,3
1484,0,0,0,0,0,0,0,0,2,1,2,0,3,4,2,0,3
1485,0,0,0,0,0,0,0,0,2,1,2,0,3,4,2,0,3
1486,0,0,0,0,0,0,0,0,2,1,2,0,3,4,2,0,3
1487,0,0,0,0,0,0,0,0,2,1,2,0,3,4,2,0,3
1488,0,0,0,0,0,0,0,0,2,1,2,0,3,4,2,0,3
1489,0,0,0,0,0,0,0,0,2,1,2,0,3,4,2,0,3
1490,0,0,0,0,0,0,0,0,2,1,2,0,3,4,2,0,3
1491,0,0,0,0,0,0,0,0,2,1,2,0,3,4,2,0,3
1492,0,0,0,0,0,0,0,0,2,1,2,0,3,4,2,0,3
1493,0,0,0,0,0,0,0,0,2,1,2,0,3,4,2,0,3
1494,0,0,0,0,0,0,0,0,2,1,2,0,3,4,2,0,3
1495,0,0,0,0,0,0,0,0,2,1,2,0,3,4,2,0,3
1496,0,0,0,0,0,0,0,0,2,1,2,0,3,4,2,0,3
1497,0,0,0,0,0,0,0,0,2,1,2,0,3,4,2,0,3
1498,0,0,0,0,0,0,0,0,2,1,2,0,3,4,2,0,3
1499,0,0,0,0,0,0,0,0,2,1,2,0,3,4,2,0,3