page_views,offers,orders,company_reply_rate,product_completness,total_order_value_in_euro,monetize_amount,wootric_score
1,1,0.118181818,1,0.72744186,0.048541409,0,1
0.147316731,0.578587699,0.4,0.558599696,0.563013699,0.545682492,0,0.8
0.028130481,0.161731207,1,1,0.736764706,1,0,0
0.499052964,0.956719818,0.445454545,0.772413793,0.724715447,0.057757785,0.08,0
0.173833743,0,0,0.979591837,0.661243781,0,1,0
0.088179586,0.025056948,0.2,1,0.57,0.338261334,0,1
0.396282006,0.157175399,0.045454545,0.996688742,0.781119403,0.004404648,0,1
0.111750263,0.134396355,0.154545455,1,0.474026846,0.000535265,0,1
0.661732725,0.148063781,0.027272727,0.706666667,0.568504068,0.000404565,0,1
0.207576289,0.141230068,0.036363636,0.855421687,0.543333333,0.009538029,0,1
0.208067345,0.08428246,0.054545455,0.969879518,0.568558559,0.010671758,0,1
0.037390389,0.054669704,0.009090909,1,1,0.007339474,0,1
0.049666784,0.047835991,0.063636364,1,0.751777778,0.003624428,0,1
0.178183094,0.166287016,0.027272727,0.845,0.699090909,0.017859352,0,0.9
0.050157839,0.009111617,0.009090909,1,0.85516129,0,0,1
0.091476675,0.061503417,0,0.787234043,0.849150327,0,0,1
0.006243423,0.01594533,0.036363636,0.923076923,0.8,0.004944212,0,1
0.241388986,0.075170843,0.018181818,0.998007968,0.246560365,0.001892515,0,1
0.033742546,0.223234624,0.090909091,0.995633188,0.524776119,0.081886462,0,0.7
0.012136093,0.011389522,0.009090909,1,0.64,0,0,1
0.042371098,0.013667426,0,0.944444444,0.682,0,0,1
0.144580849,0.097949886,0.054545455,0.870317003,0.357504873,0.007954091,0.05,0.833333333
0.043633813,0.070615034,0.054545455,1,0.385,0.015709695,0,0.9
0.185478779,0.066059226,0.036363636,1,0.687368421,0.002880541,0,0.8
0.038653104,0.006833713,0,1,0.816578947,0,0,0.9
0.60940021,0.157175399,0.118181818,0.740506329,0.553969466,0.038008442,0,0.6
0.02293932,0.034168565,0.009090909,0.794642857,0.458823529,0.008770601,0,1
0.083900386,0,0,0.777777778,0.980666667,0,0,0.9
0.320098211,0.25284738,0.072727273,1,0.34095057,0.001466281,0,0.6
0.018519818,0.043280182,0,0.923076923,0.57,0,0,0.9
0.002174676,0.01594533,0,0.7,0.501538462,0,0,1
0.006243423,0.002277904,0.009090909,0.8,0.715,0.01586447,0,0.9
0.391932655,0.211845103,0.045454545,0.728070175,0.427593031,0.000889958,0,0.65
0.016976499,0.004555809,0,0.928571429,0.5975,0,0,0.9
0.506839705,0.671981777,0.081818182,0.988261189,0.53538937,0.019186482,0,0
0.04426517,0.004555809,0,0.8,0.445217391,0,0,0.9
0.658084882,0.496583144,0.081818182,1,0.672222222,0.063296613,0,0
0.093861803,0.002277904,0.009090909,0.167464115,0.351339286,0.002505633,0,1
0.032129078,0.002277904,0,0,1,0,0,0.9
0.012627148,0.002277904,0.009090909,0,0.57,0,0,1
0.008839004,0,0,0,0.57,0,0,1
0.001894072,0,0,0,0.57,0,0,1
0.052683269,0.006833713,0,0.171717172,0.304511278,0,0,1
0.003016485,0.002277904,0.009090909,0,0.435283019,0,0,1
0.016766047,0,0,0.666666667,0.57,0,0,0.8
0.094282708,0,0,1,0.548222222,0,0,0.7
0.067414942,0.020501139,0.018181818,1,0.351895425,0,0,0.7
0.024903543,0,0,1,0.542,0,0,0.7
0.114345844,0.129840547,0.009090909,0.90625,0.358247863,0.001238203,0,0.6
0.00084181,0,0,0,0.64,0,0,0.9
0.031076815,0.018223235,0.009090909,0.416666667,0.633636364,8.60E-06,0,0.7
0.235356015,0.444191344,0.018181818,1,0.758026316,0.06577951,0,0
0.132094002,0.298405467,0.190909091,0.898039216,0.728409091,0.07881774,0,0
0.00084181,0.004555809,0.009090909,0,0.57,0,0,0.8
0.048053315,0.020501139,0.009090909,0.288659794,0.499156627,7.36E-05,0,0.7
0,0,0,0,0.86,0,0,0.7
0.028761838,0.266514806,0.281818182,0.977941176,0.342156863,0.04131468,0,0
0,0,0,0,0,0,0,0.9
0,0,0,0,0,0,0,0.9
0.003507541,0,0,0,0.57,0,0,0.7
0.041178534,0.002277904,0,0.550724638,0.64,0,0,0.5
7.02E-05,0,0,0,0.43,0,0,0.7
0.027078218,0.200455581,0.218181818,0.968992248,0.386857143,0.075977125,0,0
0,0,0,0,0,0,0,0.8
0.158470712,0.293849658,0.090909091,1,0.376683168,0.020142567,0,0
0.036759032,0.029612756,0,1,0.825384615,0,0.183333333,0
0.190459488,0.330296128,0.027272727,0.829192547,0.330375546,0.001702034,0,0
0.565485794,0.141230068,0.018181818,0.998885173,0.515671642,0.00068746,0,0
0.075692739,0.159453303,0.081818182,0.887096774,0.734,0.000130314,0,0
0.080673448,0.123006834,0.009090909,0.983606557,0.984444444,9.80E-05,0,0
0.474640477,0.08428246,0.045454545,0.995955511,0.567941177,0.000119306,0,0
0.085724307,0.129840547,0.018181818,1,0.83875,0.009295118,0,0
0.225745353,0.241457859,0,0.935543278,0.370453686,0,0,0
0.107891968,0.164009112,0.081818182,0.898550725,0.406754386,0.015376116,0,0
0.058365486,0.138952164,0.018181818,1,0.691333333,0.017779041,0,0
0.128937215,0.104783599,0.090909091,0.826446281,0.673333333,9.21E-05,0,0
0.136653806,0.066059226,0.027272727,1,0.867254902,2.30E-05,0,0
0.211294283,0.13667426,0.018181818,1,0.478502226,0.003287686,0,0
0.059417748,0.077448747,0.018181818,0.956896552,0.897586207,0.000243549,0,0
0.041388986,0.082004556,0.063636364,0.921348315,0.734736842,0.000432199,0,0
0.051280253,0.050113895,0.118181818,1,0.523333333,0,0,0
0.220975096,0.104783599,0.054545455,1,0.34786645,0.004526318,0,0
0.129919327,0.091116173,0.018181818,0.965517241,0.669041096,0,0,0
0.192844616,0.268792711,0.009090909,0.57195572,0.30011583,5.37E-05,0,0
0.013258506,0.043280182,0,0.759259259,0.416,0,0,0.2
0.17109786,0.129840547,0.027272727,0.620347395,0.287437626,6.23E-05,0.066666667,0
0.013679411,0.06833713,0.018181818,1,0.71,0.013336606,0,0
0.490564714,0.027334852,0,0.813620072,0.679473684,0,0,0
0.015643634,0.018223235,0,1,1,0,0,0
0.014521221,0.006833713,0,0.571428571,0.752142857,0,0.12,0
0.875131533,0,0,0.232283465,0.976977778,0,0,0
0.123184847,0.218678815,0.045454545,0.510909091,0.35826087,0.008112806,0,0
0.026867766,0.097949886,0.009090909,0.943820225,0.647727273,0.003301873,0,0
0.051560856,0.129840547,0.027272727,0.892156863,0.475123967,0,0,0
0.033672396,0.029612756,0.009090909,1,0.828,0.007351828,0,0
0.025254297,0.047835991,0.027272727,0.92,0.670833333,0.047361247,0,0
0.13447913,0.041002278,0.009090909,0.981818182,0.685538462,0,0,0
0.00168362,0,0,1,1,0,0,0
0.040617327,0.011389522,0,1,0.914444444,0,0,0
0,0,0,0,0,0,0,0.5
0.089091547,0.056947608,0.018181818,0.97826087,0.62,0.000204217,0,0
0.021536303,0.009111617,0,1,0.93,0,0,0
0.019221326,0.01594533,0,1,0.903333333,0,0,0
0.029603648,0.070615034,0.018181818,0.972972973,0.628333333,0,0,0
0.016836198,0.186788155,0.018181818,0.814814815,0.278970588,0.027682211,0,0
0.045387583,0,0,1,0.94,0,0,0
0.057944581,0.134396355,0.027272727,0.991689751,0.286650246,0.001059609,0,0
0.014801824,0,0,1,0.965,0,0,0
0.064117853,0.056947608,0.027272727,1,0.57875,0,0,0
0.117502631,0.029612756,0.009090909,1,0.701764706,0,0,0
0.086495966,0,0,0.95,0.913730769,0,0,0
0.03402315,0.056947608,0.081818182,0.641025641,0.71,0.004977196,0,0
0.006243423,0.027334852,0,1,0.831875,0,0,0
0.032900737,0,0,1,0.913730769,0,0,0
0.067695545,0.004555809,0,1,0.859166667,0,0,0
0.018169063,0.045558087,0,1,0.74,0,0,0
0.013118204,0,0,1,0.922727273,0,0,0
0.012346545,0,0,1,0.9158,0,0,0
0.001262715,0.01594533,0,1,0.86,0,0,0
0.071132936,0.022779043,0.018181818,1,0.686603774,0,0,0
0.010943529,0.025056948,0,1,0.802,0,0,0
0.008137496,0.006833713,0,1,0.87625,0,0,0
0.021746756,0,0,0.882352941,0.9942,0,0,0
0.066853736,0,0,1,0.831276596,0,0,0
0.017327254,0.004555809,0,1,0.86,0,0,0
0.036759032,0,0,1,0.858164464,0,0,0
0.006664328,0.006833713,0,1,0.86,0,0,0
0.181199579,0.006833713,0,1,0.685208333,0,0,0
0.118344441,0,0,0.85483871,0.918525896,0,0,0
0.033391792,0.009111617,0,1,0.818,0,0,0
0.080182392,0.009111617,0,1,0.77,0,0,0
0.004489653,0.043280182,0.090909091,1,0.340909091,0,0,0
0.294984216,0.004555809,0,0.75,0.8108,0,0,0
0.079551035,0.01594533,0.009090909,0.983050847,0.705609756,0,0,0
0.012136093,0,0,0.875,0.976666667,0,0,0
0.047562259,0.006833713,0,1,0.786666667,0,0,0
0.017257103,0.006833713,0.009090909,1,0.764545455,0,0,0
0.012206243,0.020501139,0,1,0.75,0,0,0
0.052472817,0.072892938,0.018181818,1,0.4235,0.00148163,0,0
0.055910207,0,0,1,0.787083333,0,0,0
0.04426517,0,0,1,0.798461538,0,0,0
0.014801824,0.018223235,0,1,0.744,0,0,0
0.018169063,0.025056948,0,1,0.71,0,0,0
0.006103122,0.002277904,0,0.8,1,0,0,0
0.050929498,0.004555809,0.009090909,1,0.706283186,0,0,0
0.022518415,0.045558087,0,0.938271605,0.6575,0,0,0
0.13272536,0.08428246,0.090909091,0.569306931,0.394222222,0,0,0
0.007295686,0,0,1,0.785,0,0,0
0.009189758,0.004555809,0,0.8,0.958,0,0,0
0.010592774,0.029612756,0.063636364,0.878787879,0.503888889,0.007410758,0,0
0.087337776,0,0,0.833333333,0.86,0,0,0
0.009821115,0.004555809,0.009090909,1,0.71,0,0,0
0.070431428,0.027334852,0.027272727,0.769911504,0.708888889,0.001840107,0,0
0.076183795,0.013667426,0,0.980392157,0.659444444,0,0,0
0.009821115,0,0,1,0.76,0,0,0
0.015643634,0,0,1,0.753571429,0,0,0
0.06039986,0.006833713,0,0.75,0.93,0,0,0
0.013118204,0,0,1,0.7525,0,0,0
0.014661522,0.022779043,0,0.933333333,0.720333333,0,0,0
0.018169063,0.011389522,0,1,0.686666667,0,0,0
0.002104525,0.009111617,0,1,0.71,0,0,0
0.037600842,0,0,1,0.71,0,0,0
0.016555595,0.004555809,0,0.9,0.811111111,0,0,0
0.113854788,0.045558087,0,0.8,0.647272727,0,0,0
0.006453876,0.009111617,0,0.7,1,0,0,0
0.028270782,0,0,1,0.71,0,0,0
0.044966678,0.011389522,0,1,0.644375,0,0,0
0.008277797,0.006833713,0,1,0.698888889,0,0,0
0.012486847,0.006833713,0.018181818,1,0.620909091,0,0,0
0.066152227,0.013667426,0.009090909,0.976190476,0.6,0,0,0
0.027499123,0,0,1,0.7044,0,0,0
0.016625745,0.013667426,0.009090909,1,0.607333333,0.006294196,0,0
0.016345142,0.013667426,0,0.916666667,0.736086957,0,0,0
0.114345844,0,0,1,0.608873239,0,0,0
0.003647843,0.002277904,0,1,0.71,0,0,0
0.008698702,0,0,1,0.71,0,0,0
0.382181691,0.134396355,0.027272727,0.384864865,0.300153022,0.002399017,0,0
0.01360926,0.063781321,0.036363636,0.953488372,0.350869565,0,0,0
0.021746756,0.036446469,0,1,0.550909091,0,0,0
0.037670993,0.002277904,0,1,0.67,0,0,0
0.094633462,0.01594533,0,1,0.55776699,0,0,0
0.001823921,0,0,1,0.71,0,0,0
0.036197825,0.041002278,0,0.989690722,0.521,0,0,0
0.084742196,0,0,1,0.625,0,0,0
0.038933707,0,0,1,0.670787037,0,0,0
0.150333216,0.034168565,0.027272727,0.75,0.56325,2.66E-05,0,0
0.01704665,0.011389522,0.009090909,1,0.6084,0,0,0
0.139670291,0.0523918,0,0.930232558,0.42468254,0,0,0
0.005401613,0.009111617,0,0.8,0.86,0,0,0
0.100315679,0.006833713,0,0.9125,0.660465116,0,0,0
0.006032971,0,0,1,0.692218045,0,0,0
0.116801122,0.025056948,0,0.481132075,1,0,0,0
0.017467555,0.009111617,0,1,0.64,0,0,0
0.007435987,0.004555809,0,0.857142857,0.81,0,0,0
0.008207646,0.009111617,0.018181818,1,0.57,0,0,0
0.021816906,0,0,1,0.662241379,0,0,0
0.008839004,0,0,1,0.675,0,0,0
0.00933006,0,0,1,0.671818182,0,0,0
0.008137496,0.011389522,0,1,0.627068966,0,0,0
0.012697299,0.006833713,0,1,0.64,0,0,0
0.007225535,0.009111617,0,1,0.635882353,0,0,0
0.007786741,0.025056948,0,1,0.57,0,0,0
0.027428972,0.027334852,0,1,0.537378641,0,0,0
0.004770256,0.041002278,0.009090909,0.608695652,0.86,0,0,0
0.426236408,0.006833713,0,0.752873563,0.467155743,0,0,0
0.005261312,0.036446469,0,0.8125,0.71,0,0,0
0.019361627,0,0,0.789473684,0.86,0,0,0
0.057172922,0.113895216,0.018181818,0.608108108,0.43,0.020381277,0,0
0.017397404,0.011389522,0,0.689655172,0.903333333,0,0,0
0.007435987,0.018223235,0,1,0.57,0,0,0
0.056401263,0.077448747,0,0.708333333,0.574242424,0,0,0
0.092949842,0,0,0.555555556,1,0,0,0
0.010662925,0.002277904,0,0.916666667,0.712,0,0,0
0.001332866,0,0,1,0.645,0,0,0
0.013188355,0,0,1,0.632222222,0,0,0
0.073658365,0,0,1,0.57,0,0,0
0.048965275,0.022779043,0.027272727,1,0.376041667,0.008989866,0,0
0.002735882,0.004555809,0,1,0.620909091,0,0,0
0.008768853,0.004555809,0,1,0.612,0,0,0
0.029884251,0.004555809,0.009090909,1,0.55096,0.001354284,0,0
0.01704665,0.01594533,0.009090909,1,0.5196,3.01E-05,0,0
0.002034374,0.01594533,0,1,0.567333333,0,0,0
0.094843914,0.01594533,0,0.721804511,0.75,0,0,0
0.003016485,0.020501139,0,1,0.542,0,0,0
0.010382322,0.011389522,0,1,0.57,0,0,0
0.003016485,0.006833713,0,1,0.595,0,0,0
0.081024202,0.063781321,0,1,0.283073395,0,0,0
0.010452473,0,0,1,0.608181818,0,0,0
0.113644335,0.063781321,0.018181818,0.880597015,0.294819277,0,0,0
0.048684672,0.011389522,0,1,0.517027027,0,0,0
0.023149772,0.004555809,0,0.709677419,0.86,0,0,0
0.019361627,0.006833713,0.009090909,0.863636364,0.658,0,0,0
0.13188355,0.018223235,0,1,0.398515498,0,0,0
0.003297089,0.006833713,0,0.8,0.772,0,0,0
0.010312171,0.009111617,0,0.625,0.93,0,0,0
0.038653104,0,0,0.947368421,0.615681818,0,0,0
0,0,0,0,0,0,0,0.4
0.009961417,0.002277904,0,0.75,0.83,0,0,0
0.063767099,0.027334852,0,0.772727273,0.650606061,0,0,0
0.033742546,0.009111617,0,0.923076923,0.602307692,0,0,0
0.027358821,0,0,1,0.565307263,0,0,0
0.066222378,0.002277904,0.009090909,0.925925926,0.554444444,0,0,0
0.049456331,0,0,1,0.542,0,0,0
0.027148369,0.011389522,0.009090909,0.7375,0.743684211,0,0,0
0.010101719,0.027334852,0.009090909,0.821428571,0.613,0,0,0
0.019221326,0,0,1,0.569720559,0,0,0
0.038372501,0.013667426,0,1,0.495777778,0,0,0
0.018028762,0,0,1,0.57,0,0,0
0.005401613,0.002277904,0,1,0.57,0,0,0
0.045177131,0.047835991,0.027272727,0.726190476,0.505833333,0.001797113,0,0
0.011013679,0,0,1,0.57,0,0,0
0.038162048,0,0,0.846153846,0.696666667,0,0,0
0.010522624,0,0,1,0.57,0,0,0
0.02293932,0.109339408,0,0.811320755,0.3018,0,0,0
0.001964223,0,0,1,0.57,0,0,0
0.001052262,0,0,1,0.57,0,0,0
0.144370396,0.004555809,0.009090909,0.828070175,0.539404389,0,0,0
0.023640828,0,0,1,0.542,0,0,0
0.007856892,0,0,0.823529412,0.732857143,0,0,0
0.031357418,0.038724374,0,0.923076923,0.45,0,0,0
0.081515258,0.011389522,0,0.828125,0.6036,0,0,0
0.002946335,0.013667426,0.009090909,0.954545455,0.43,0.038177912,0,0
0.015012276,0.011389522,0,0.923076923,0.57,0,0,0
0.057102771,0.077448747,0.018181818,0.746478873,0.366157989,0,0,0
0.002104525,0,0,1,0.546666667,0,0,0
0.003016485,0.004555809,0,0.666666667,0.86,0,0,0
0.012136093,0,0,0.888888889,0.646,0,0,0
0.008418099,0.020501139,0.009090909,0.888888889,0.528,0,0,0
0.014942126,0.031890661,0,1,0.400434783,0,0,0
0.044966678,0.070615034,0.009090909,0.625766871,0.55,0,0,0
0.044124868,0.013667426,0,0.978723404,0.458823529,0,0,0
0.003647843,0.004555809,0,0.8,0.71,0,0,0
0.041178534,0.002277904,0,0.875,0.599675994,0,0,0
0.012627148,0,0,0.916666667,0.593333333,0,0,0
0.011574886,0,0,0.8,0.71,0,0,0
0.017327254,0.004555809,0,1,0.484782609,0,0,0
0.009610663,0,0,0.647058824,0.86,0,0,0
0.035566468,0.009111617,0,0.888888889,0.553958333,0,0,0
0.018870572,0.025056948,0,0.658536585,0.731428571,0,0,0
0.026797615,0.006833713,0.018181818,1,0.375795454,0,0,0
0.012977902,0,0,1,0.486,0,0,0
0.013679411,0.022779043,0,1,0.389354839,0,0,0
0.017116801,0,0,0.833333333,0.6435,0,0,0
0.127253595,0.050113895,0,0.595505618,0.57,0,0,0
0.026937917,0.004555809,0.009090909,0.666666667,0.736666667,3.01E-05,0,0
0.061732725,0.002277904,0,0.5,0.913730769,0,0,0
0.004629954,0.011389522,0,1,0.43,0,0,0
0.006243423,0.009111617,0.009090909,0.888888889,0.492777778,0.009243526,0,0
0.001192564,0.006833713,0,0.875,0.57,0,0,0
0.001894072,0.004555809,0,1,0.453333333,0,0,0
0.003016485,0,0,0.9,0.57,0,0,0
0.021536303,0.013667426,0.009090909,0.869565217,0.49,0,0,0
0.038933707,0,0,1,0.43,0,0,0
0.071904595,0.066059226,0.027272727,0.413249211,0.303896104,0.033260426,0.04,0
0.049105577,0,0,0.675,0.744230769,0,0,0
0.007085233,0.009111617,0,0.7,0.723846154,0,0,0
0.058505787,0.002277904,0,0.823529412,0.576086957,0,0,0
0.008347948,0.038724374,0.009090909,0.607843137,0.656,3.52E-05,0,0
0.011153981,0,0,1,0.444583333,0,0,0
0.004209049,0,0,0.9,0.55,0,0,0
0.007295686,0,0,0.875,0.57,0,0,0
0.00168362,0.009111617,0,1,0.404545455,0,0,0
0.01276745,0,0,1,0.428666667,0,0,0
0.002806033,0.002277904,0,0.833333333,0.591428571,0,0,0
0.069449316,0,0,0.454545455,0.912615385,0,0,0
0.01017187,0.013667426,0.009090909,0.75,0.58,0,0,0
0.002034374,0,0,0.857142857,0.57,0,0,0
0.070150824,0,0,0.967391304,0.389473684,0,0,0
0.031567871,0.095671982,0.018181818,0.387596899,0.53,0.010232368,0,0
0.083128727,0.0523918,0.018181818,0.748502994,0.310813954,0,0,0
0.08684672,0.059225513,0,0.666666667,0.43,0,0,0
0.014871975,0,0,0.545454545,0.86,0,0,0
0.011153981,0.020501139,0.009090909,1,0.289545455,0,0,0
0.011574886,0,0,0.833333333,0.57,0,0,0
0.005892669,0,0,1,0.404452555,0,0,0
0.056260961,0.009111617,0,0.888324873,0.429171598,0,0,0
0.001823921,0,0,0.833333333,0.560277778,0,0,0
0.010522624,0,0,0.857142857,0.526666667,0,0,0
0.021396001,0.022779043,0.009090909,0.583333333,0.658148148,0.000692774,0,0
0.003577692,0,0,0.6,0.785,0,0,0
0.012065942,0.011389522,0,0.466666667,0.86,0,0,0
0.028621536,0.011389522,0,0.85,0.459285714,0,0,0
0.050368292,0,0,0.9375,0.394263566,0,0,0
0.041529288,0.020501139,0.045454545,0.717105263,0.348039216,0.005235705,0,0
0.005892669,0.01594533,0.045454545,0.7,0.410909091,0,0,0
0.012486847,0,0,0.4,0.9475,0,0,0
0.029252894,0,0,0.777777778,0.55,0,0,0
0.004700105,0.020501139,0,0.619047619,0.45,0,0.0332,0
0.025324448,0.009111617,0,1,0.292916667,0,0,0
0.010382322,0.002277904,0,1,0.326296296,0,0,0
0.002806033,0,0,0.769230769,0.57,0,0,0
0.057243073,0.06833713,0.018181818,0.623853211,0.302307692,0.004933463,0,0
0.049596633,0.047835991,0,0.547945205,0.538461539,0,0,0
0.052262364,0.120728929,0,0.516363636,0.274143646,0,0,0
0.010522624,0.006833713,0,0.714285714,0.57,0,0,0
0.018239214,0.002277904,0,0.588235294,0.686666667,0,0,0
0.043493511,0.006833713,0,0.704081633,0.519275362,0,0,0
0.195580498,0,0,0.570469799,0.5240625,0,0,0
0.008628551,0.006833713,0,0.833333333,0.420666667,0,0,0
0.004910558,0.004555809,0.009090909,0.75,0.476666667,0,0,0
0.024552788,0.004555809,0,0.666666667,0.57,0,0,0
0.002806033,0.036446469,0,0.653846154,0.476666667,0,0,0
0.004700105,0,0,1,0.271111111,0,0,0
0.004349351,0,0,0.7,0.57,0,0,0
0.003788145,0,0,0.7,0.57,0,0,0
0.02721852,0.009111617,0.009090909,0.791666667,0.3812,0,0,0
0.026025956,0.002277904,0,0.942708333,0.291494253,0,0,0
0.032409681,0.045558087,0.009090909,0.639344262,0.368127854,0,0,0
0.055910207,0,0,0.2,1,0,0,0
0.025184146,0,0,0.555555556,0.671428571,0,0,0
0.010522624,0,0,0.666666667,0.57,0,0,0
0.003156787,0.002277904,0,0.952380952,0.275365854,0,0,0
0.00252543,0.002277904,0.009090909,0.714285714,0.476666667,0,0,0
0.002034374,0.006833713,0.009090909,0.875,0.29,0.002201249,0,0
0.025464749,0,0,0.636363636,0.565625,0,0,0
0.00336724,0.002277904,0,0.5,0.71,0,0,0
0.009610663,0,0,0.2,1,0,0,0
0.001964223,0,0,0.7,0.5,0,0,0
0.01192564,0.002277904,0,0.375,0.7925,0,0,0
0.013960014,0,0,0.291666667,0.872727273,0,0,0
0.00764644,0,0,0.6,0.57,0,0,0
0.014030165,0,0,0.733333333,0.43,0,0,0
0.372079972,0.034168565,0,0.317241379,0.329841521,0,0,0
0.014731673,0,0,0.428571429,0.711111111,0,0,0
0.005752368,0,0,0.857142857,0.287654321,0,0,0
0.160294633,0.050113895,0.018181818,0.381147541,0.334441524,0,0,0
0.005050859,0.004555809,0,0.6,0.523333333,0,0,0
0.01024202,0.002277904,0,0.678571429,0.448421053,0,0,0
0.006944932,0.006833713,0,0.666666667,0.442941177,0,0,0
0.007225535,0,0,0.571428571,0.562631579,0,0,0
0.009470361,0,0,0.4,0.73,0,0,0
0.018449667,0,0,0.142857143,0.976666667,0,0,0
0.039284462,0,0,0.2,0.897857143,0,0,0
0.003717994,0.013667426,0,0.769230769,0.3,0,0,0
0.008347948,0,0,0.380952381,0.732857143,0,0,0
0.008067345,0.011389522,0,0.457142857,0.608181818,0,0,0
0.016906349,0.002277904,0,0.571428571,0.52,0,0,0
0.006383725,0,0,0.4,0.71,0,0,0
0.011224132,0.004555809,0,0,0.43,0,0.109266667,0
0.008347948,0.004555809,0,0.666666667,0.402,0,0,0
0.012276394,0.009111617,0,0.384615385,0.654,0,0,0
0.051841459,0.013667426,0,0.340909091,0.638285714,0,0,0
0.180217468,0.059225513,0.009090909,0.289644013,0.322283814,0.002311311,0,0
0.003086636,0,0,0.375,0.682,0,0,0
0.004209049,0.002277904,0,0.5,0.545652174,0,0,0
0.01024202,0.018223235,0,0.545454545,0.43,0,0,0
0.027990179,0.002277904,0.009090909,0.414634146,0.57,0,0,0
0.003507541,0.002277904,0,0.473684211,0.57,0,0,0
0.020343739,0.011389522,0,0.425,0.557826087,0,0,0
0.008067345,0,0,0.5,0.54,0,0,0
0.118835496,0,0,0.068965517,0.857058824,0,0,0
0.032199228,0,0,0,1,0,0,0
0.000982112,0,0,0.6,0.43,0,0,0
0.030515609,0,0,0,1,0,0,0
0.003507541,0,0,0.5,0.523333333,0,0,0
0.025184146,0,0,0,1,0,0,0
0.004349351,0.004555809,0,0,1,0,0,0
0.004209049,0.004555809,0,0,1,0,0,0
0.019081024,0,0,0,1,0,0,0
0.007786741,0,0,0.571428571,0.43875,0,0,0
0.017818309,0,0,0,1,0,0,0
0.015082427,0,0,0,1,0,0,0
0.014100316,0,0,0,1,0,0,0
0.011645037,0,0,0,1,0,0,0
0.002314977,0.002277904,0,0,1,0,0,0
0.01024202,0,0,0,0.998679245,0,0,0
0.008418099,0,0,0,1,0,0,0
0.006453876,0,0,0,1,0,0,0
0.009470361,0.006833713,0.009090909,0.5,0.43,0.000937251,0,0
0.003016485,0,0,0,1,0,0,0
0.002876184,0,0,0,1,0,0,0
0.002314977,0,0,0,1,0,0,0
0.001543318,0,0,0,1,0,0,0
0.000771659,0,0,0,1,0,0,0
0.000140302,0,0,0,1,0,0,0
0.000140302,0,0,0,1,0,0,0
0,0,0,0,1,0,0,0
0,0,0,0,1,0,0,0
0,0,0,0,1,0,0,0
0,0,0,0,1,0,0,0
0,0,0,0,1,0,0,0
0.007786741,0.002277904,0,0.272727273,0.71,0,0,0
0.000911961,0,0,0.6,0.383333333,0,0,0
0.006524027,0,0,0,0.974545455,0,0,0
0.016906349,0.004555809,0,0.583333333,0.361,0,0,0
0.009540512,0.027334852,0,0.395061728,0.462307692,0,0,0
0.000420905,0.002277904,0.009090909,0,0.93,6.88E-06,0,0
0.015082427,0,0,0.272727273,0.686666667,0,0,0
0.018449667,0.011389522,0,0.458333333,0.45,0,0,0
0.027920028,0,0,0.505747126,0.437368421,0,0,0
0.010592774,0,0,0.25,0.71,0,0,0
0.022307962,0.020501139,0,0.30075188,0.565,0,0,0
0.020694493,0,0,0,0.942666667,0,0,0
0.012346545,0.004555809,0.018181818,0,0.86,5.72E-06,0,0
0.00940021,0,0,0.5,0.453773585,0,0,0
0.037320239,0,0,0.057142857,0.860597826,0,0,0
0,0,0,0,0.953333333,0,0,0
0,0,0,0,0.953333333,0,0,0
0.04594879,0.002277904,0,0.340807175,0.550555556,0,0,0
0.005612066,0,0,0.230769231,0.71,0,0,0
0.011645037,0.009111617,0.009090909,0,0.86,6.66E-05,0,0
0.005541915,0,0,0.294117647,0.64,0,0,0
0.046159242,0.020501139,0,0.295180723,0.515217391,0,0,0
0.032409681,0,0,0.058823529,0.846153846,0,0,0
0.002876184,0,0,0,0.93,0,0,0
0.00933006,0.022779043,0.009090909,0.272727273,0.523333333,0,0,0
0.002314977,0,0,0,0.93,0,0,0
0.001403016,0.006833713,0,0.333333333,0.57,0,0,0
0.001262715,0,0,0,0.93,0,0,0
0,0,0,0,0.93,0,0,0
0.023781129,0.011389522,0,0.296296296,0.556,0,0,0
0.001473167,0,0,0.25,0.67,0,0,0
0.004700105,0,0,0,0.914,0,0,0
0.019291477,0,0,0.444444444,0.453333333,0,0,0
0.14472115,0.01594533,0,0.274074074,0.43243553,0,0,0
0.0042792,0,0,0.2,0.71,0,0,0
0.004138899,0,0,0.2,0.71,0,0,0
0.009961417,0,0,0.333333333,0.57,0,0,0
0.007927043,0,0,0.428571429,0.476666667,0,0,0
0.002455279,0,0,0,0.905555556,0,0,0
0,0,0,0,0.906666667,0,0,0
0.008839004,0,0,0,0.894166667,0,0,0
0.032549982,0.009111617,0.009090909,0.4,0.390886076,0.000898557,0,0
0.012206243,0,0,0.1,0.785833333,0,0,0
0.021185549,0,0,0.578125,0.29254902,0,0,0
0.001403016,0,0,0,0.89,0,0,0
0.025675202,0,0,0.210526316,0.652352941,0,0,0
0.004840407,0.002277904,0.009090909,0,0.835,0,0,0
0.001894072,0,0,0,0.883333333,0,0,0
0.011715188,0.002277904,0,0,0.86,0,0,0
0.019852683,0,0,0,0.86,0,0,0
0.017257103,0,0,0,0.86,0,0,0
0.003647843,0.006833713,0,0,0.842777778,0,0,0
0.00933006,0,0,0.153846154,0.71,0,0,0
0.006874781,0.002277904,0,0.333333333,0.523333333,0,0,0
0.011294283,0,0,0,0.86,0,0,0
0.010522624,0.004555809,0,0.555555556,0.286363636,0,0,0
0.005752368,0,0,0,0.864418605,0,0,0
0.009680814,0,0,0,0.86,0,0,0
0.009470361,0,0,0,0.86,0,0,0
0.002174676,0,0,0.25,0.616666667,0,0,0
0.008628551,0,0,0,0.86,0,0,0
0.008418099,0,0,0,0.86,0,0,0
0.007435987,0,0,0,0.86,0,0,0
0.007085233,0,0,0,0.86,0,0,0
0.006032971,0,0,0,0.86,0,0,0
0.004489653,0,0,0,0.86,0,0,0
0.003998597,0,0,0,0.86,0,0,0
0.00343739,0,0,0,0.86,0,0,0
0.00343739,0,0,0,0.86,0,0,0
0.002665731,0,0,0,0.86,0,0,0
0.00252543,0,0,0,0.86,0,0,0
0.002455279,0,0,0,0.86,0,0,0
0.002314977,0,0,0,0.86,0,0,0
0.001473167,0,0,0,0.86,0,0,0
0.001332866,0,0,0,0.86,0,0,0
0.001262715,0,0,0,0.86,0,0,0
0.043914416,0.009111617,0,0.382352941,0.398534483,0,0,0
0.001052262,0,0,0,0.86,0,0,0
0.000911961,0,0,0,0.86,0,0,0
0.000631357,0,0,0,0.86,0,0,0
0.000561207,0,0,0,0.86,0,0,0
0.000561207,0,0,0,0.86,0,0,0
0.000491056,0,0,0,0.86,0,0,0
0.000491056,0,0,0,0.86,0,0,0
0.000420905,0,0,0,0.86,0,0,0
0.000420905,0,0,0,0.86,0,0,0
0.000420905,0,0,0,0.86,0,0,0
0.000350754,0,0,0,0.86,0,0,0
0.000280603,0,0,0,0.86,0,0,0
0,0,0,0,0.86,0,0,0
0,0,0,0,0.86,0,0,0
0,0,0,0,0.86,0,0,0
0,0,0,0,0.86,0,0,0
0,0,0,0,0.86,0,0,0
0,0,0,0,0.86,0,0,0
0,0,0,0,0.86,0,0,0
0,0,0,0,0.86,0,0,0
0,0,0,0,0.86,0,0,0
0,0,0,0,0.86,0,0,0
0,0,0,0,0.86,0,0,0
0,0,0,0,0.86,0,0,0
0,0,0,0,0.86,0,0,0
0,0,0,0,0.86,0,0,0
0,0,0,0,0.86,0,0,0
0,0,0,0,0.86,0,0,0
0,0,0,0,0.86,0,0,0
0,0,0,0,0.86,0,0,0
0,0,0,0,0.86,0,0,0
0,0,0,0,0.86,0,0,0
0,0,0,0,0.86,0,0,0
0,0,0,0,0.86,0,0,0
0,0,0,0,0.86,0,0,0
0,0,0,0,0.86,0,0,0
0,0,0,0,0.86,0,0,0
0,0,0,0,0.86,0,0,0
0,0,0,0,0.86,0,0,0
0,0,0,0,0.86,0,0,0
0,0,0,0,0.86,0,0,0
0,0,0,0,0.86,0,0,0
0,0,0,0,0.86,0,0,0
0,0,0,0,0.86,0,0,0
0,0,0,0,0.86,0,0,0
0,0,0,0,0.86,0,0,0
0,0,0,0,0.86,0,0,0
0,0,0,0,0.86,0,0,0
0.003156787,0,0,0,0.856666667,0,0,0
0.003297089,0,0,0,0.855,0,0,0
0.004209049,0,0,0.375,0.477737705,0,0,0
0.014591371,0.006833713,0,0,0.81,0,0,0
0.016064539,0.01594533,0,0.25,0.518,0,0,0
0.003016485,0,0,0,0.843333333,0,0,0
0.001192564,0,0,0,0.84,0,0,0
0.009470361,0,0,0.411764706,0.419230769,0,0,0
0.004068748,0,0,0,0.835714286,0,0,0
0.014240617,0,0,0.111111111,0.71,0,0,0
0,0,0,0,0.835,0,0,0
0.001894072,0,0,0,0.83,0,0,0
0.061873027,0,0,0.055555556,0.71,0,0,0
0.00084181,0,0,0.461538462,0.36,0,0,0
0.006524027,0.006833713,0,0.25,0.535,0,0,0
0.072746405,0,0,0.24,0.506027397,0,0,0
0.001403016,0,0,0,0.817142857,0,0,0
0.029042441,0.009111617,0,0.291666667,0.457380952,0,0,0
0,0,0,0,0.81,0,0,0
0.003016485,0,0,0.166666667,0.64,0,0,0
0.043984567,0.002277904,0,0,0.754285714,0,0,0
0.003156787,0.004555809,0,0,0.785,0,0,0
0.004700105,0,0,0,0.8,0,0,0
0,0,0,0,0.804545455,0,0,0
0.014661522,0.006833713,0,0.25,0.511407407,0,0,0
0.003156787,0.002277904,0,0.3125,0.476666667,0,0,0
0.019501929,0,0,0.210526316,0.57,0,0,0
0.01192564,0,0,0.076923077,0.71,0,0,0
0.008909155,0.002277904,0,0.37704918,0.403773585,0,0,0
0.065170116,0.06833713,0,0.254385965,0.202857143,0,0,0
0.006032971,0,0,0,0.785,0,0,0
0.028130481,0.013667426,0,0.206666667,0.500933333,0,0,0
0.002314977,0,0,0,0.785,0,0,0
0.009049456,0,0,0,0.777619048,0,0,0
0,0,0,0,0.786666667,0,0,0
0,0,0,0,0.785,0,0,0
0,0,0,0,0.785,0,0,0
0,0,0,0,0.785,0,0,0
0,0,0,0,0.785,0,0,0
0,0,0,0,0.785,0,0,0
0,0,0,0,0.785,0,0,0
0,0,0,0,0.785,0,0,0
0,0,0,0,0.785,0,0,0
0.003647843,0.002277904,0,0,0.771666667,0,0,0
0.005331463,0,0,0,0.775,0,0,0
0.009049456,0,0,0.476190476,0.287464789,0,0,0
0.011153981,0.006833713,0,0.396551724,0.336216216,0,0,0
0.000911961,0,0,0.2,0.57,0,0,0
0.005331463,0,0,0.473684211,0.29,0,0,0
0.051981761,0,0,0,0.71,0,0,0
0.007155384,0,0,0.083333333,0.6708,0,0,0
0.010803227,0,0,0.5,0.2492,0,0,0
0,0,0,0,0.76,0,0,0
0,0,0,0,0.76,0,0,0
0.000911961,0,0,0,0.7525,0,0,0
0,0,0,0,0.752857143,0,0,0
0.011715188,0,0,0.19047619,0.542,0,0,0
0.00252543,0,0,0.166666667,0.573255814,0,0,0
0,0,0,0,0.738333333,0,0,0
0.016695896,0.002277904,0,0,0.71,0,0,0
0.000210452,0,0,0,0.731428571,0,0,0
0.020694493,0,0,0,0.71,0,0,0
0.001543318,0.004555809,0,0,0.71,0,0,0
0.025885654,0,0,0,0.703333333,0,0,0
0.062364083,0,0,0.166666667,0.5,0,0,0
0.003086636,0.004555809,0,0.230769231,0.476666667,0,0,0
0.013960014,0,0,0.125,0.5875,0,0,0
0.015222729,0,0,0,0.71,0,0,0
0.005331463,0.002277904,0,0,0.71,0,0,0
0.003858295,0.002277904,0,0,0.71,0,0,0
0.012346545,0,0,0,0.71,0,0,0
0.016836198,0,0,0.1875,0.5175,0,0,0
0.014801824,0.002277904,0,0,0.697272727,0,0,0
0.001473167,0.002277904,0,0,0.71,0,0,0
0.010452473,0,0,0,0.71,0,0,0
0.010382322,0,0,0,0.71,0,0,0
0.001122413,0.002277904,0,0,0.71,0,0,0
0.009470361,0,0,0,0.71,0,0,0
0.009049456,0,0,0,0.71,0,0,0
0.008628551,0,0,0,0.71,0,0,0
0.00764644,0,0,0,0.71,0,0,0
0.004209049,0,0,0.142857143,0.57,0,0,0
0.006944932,0,0,0,0.71,0,0,0
0.006453876,0,0,0,0.71,0,0,0
0.006243423,0,0,0,0.71,0,0,0
0.001052262,0,0,0,0.715,0,0,0
0.00596282,0,0,0,0.71,0,0,0
0.005752368,0,0,0,0.71,0,0,0
0.005050859,0,0,0,0.71,0,0,0
0.004700105,0,0,0,0.71,0,0,0
0.004559804,0,0,0,0.71,0,0,0
0.001753771,0,0,0,0.7125,0,0,0
0.003928446,0,0,0,0.71,0,0,0
0.003928446,0,0,0,0.71,0,0,0
0.003788145,0,0,0,0.71,0,0,0
0.003647843,0,0,0,0.71,0,0,0
0.003647843,0,0,0,0.71,0,0,0
0.003577692,0,0,0,0.71,0,0,0
0.003577692,0,0,0,0.71,0,0,0
0.00343739,0,0,0,0.71,0,0,0
0.003297089,0,0,0,0.71,0,0,0
0.003156787,0,0,0,0.71,0,0,0
0.002806033,0,0,0,0.71,0,0,0
0.002665731,0,0,0,0.71,0,0,0
0.002455279,0,0,0,0.71,0,0,0
0.002034374,0,0,0,0.71,0,0,0
0.001964223,0,0,0,0.71,0,0,0
0.00168362,0,0,0,0.71,0,0,0
0.001613469,0,0,0,0.71,0,0,0
0.042441249,0,0,0.153225806,0.515806452,0,0,0
0.001473167,0,0,0,0.71,0,0,0
0.001262715,0,0,0,0.71,0,0,0
0.001262715,0,0,0,0.71,0,0,0
0.001122413,0,0,0,0.71,0,0,0
0.001122413,0,0,0,0.71,0,0,0
0.001122413,0,0,0,0.71,0,0,0
0,0,0,0,0.711111111,0,0,0
0.000911961,0,0,0,0.71,0,0,0
0.000771659,0,0,0,0.71,0,0,0
0.000701508,0,0,0,0.71,0,0,0
0.000631357,0,0,0,0.71,0,0,0
0.000631357,0,0,0,0.71,0,0,0
0.000561207,0,0,0,0.71,0,0,0
0.000491056,0,0,0,0.71,0,0,0
0.000420905,0,0,0,0.71,0,0,0
0.000420905,0,0,0,0.71,0,0,0
0.000350754,0,0,0,0.71,0,0,0
0.000280603,0,0,0,0.71,0,0,0
0.000280603,0,0,0,0.71,0,0,0
0.000280603,0,0,0,0.71,0,0,0
0.000210452,0,0,0,0.71,0,0,0
0.000210452,0,0,0,0.71,0,0,0
0.000140302,0,0,0,0.71,0,0,0
7.02E-05,0,0,0,0.71,0,0,0
7.02E-05,0,0,0,0.71,0,0,0
7.02E-05,0,0,0,0.71,0,0,0
0,0,0,0,0.71,0,0,0
0,0,0,0,0.71,0,0,0
0,0,0,0,0.71,0,0,0
0,0,0,0,0.71,0,0,0
0,0,0,0,0.71,0,0,0
0,0,0,0,0.71,0,0,0
0,0,0,0,0.71,0,0,0
0,0,0,0,0.71,0,0,0
0,0,0,0,0.71,0,0,0
0,0,0,0,0.71,0,0,0
0,0,0,0,0.71,0,0,0
0,0,0,0,0.71,0,0,0
0,0,0,0,0.71,0,0,0
0,0,0,0,0.71,0,0,0
0,0,0,0,0.71,0,0,0
0,0,0,0,0.71,0,0,0
0,0,0,0,0.71,0,0,0
0,0,0,0,0.71,0,0,0
0,0,0,0,0.71,0,0,0
0,0,0,0,0.71,0,0,0
0,0,0,0,0.71,0,0,0
0,0,0,0,0.71,0,0,0
0,0,0,0,0.71,0,0,0
0,0,0,0,0.71,0,0,0
0,0,0,0,0.71,0,0,0
0,0,0,0,0.71,0,0,0
0,0,0,0,0.71,0,0,0
0,0,0,0,0.71,0,0,0
0,0,0,0,0.71,0,0,0
0,0,0,0,0.71,0,0,0
0,0,0,0,0.71,0,0,0
0,0,0,0,0.71,0,0,0
0,0,0,0,0.71,0,0,0
0,0,0,0,0.71,0,0,0
0,0,0,0,0.71,0,0,0
0,0,0,0,0.71,0,0,0
0,0,0,0,0.71,0,0,0
0,0,0,0,0.71,0,0,0
0,0,0,0,0.71,0,0,0
0,0,0,0,0.71,0,0,0
0,0,0,0,0.71,0,0,0
0,0,0,0,0.71,0,0,0
0,0,0,0,0.71,0,0,0
0,0,0,0,0.71,0,0,0
0,0,0,0,0.71,0,0,0
0,0,0,0,0.71,0,0,0
0,0,0,0,0.71,0,0,0
0,0,0,0,0.71,0,0,0
0,0,0,0,0.71,0,0,0
0,0,0,0,0.71,0,0,0
0,0,0,0,0.71,0,0,0
0,0,0,0,0.71,0,0,0
0,0,0,0,0.71,0,0,0
0,0,0,0,0.71,0,0,0
0,0,0,0,0.71,0,0,0
0,0,0,0,0.71,0,0,0
0,0,0,0,0.71,0,0,0
0,0,0,0,0.71,0,0,0
0,0,0,0,0.71,0,0,0
0,0,0,0,0.71,0,0,0
0,0,0,0,0.71,0,0,0
0,0,0,0,0.71,0,0,0
0,0,0,0,0.71,0,0,0
0,0,0,0,0.71,0,0,0
0,0,0,0,0.71,0,0,0
0,0,0,0,0.71,0,0,0
0,0,0,0,0.71,0,0,0
0,0,0,0,0.71,0,0,0
0,0,0,0,0.71,0,0,0
0,0,0,0,0.71,0,0,0
0,0,0,0,0.71,0,0,0
0,0,0,0,0.71,0,0,0
0.014661522,0.006833713,0,0.373134328,0.291918605,0,0,0
0.009610663,0,0,0,0.697272727,0,0,0
0.002034374,0,0,0,0.7044,0,0,0
0.001543318,0,0,0,0.703488372,0,0,0
0.006594177,0,0,0.15625,0.541176471,0,0,0
0.005191161,0,0,0,0.694444444,0,0,0
0.041318835,0,0,0.226277372,0.429583333,0,0,0
0.002174676,0,0,0.125,0.57,0,0,0
0.001964223,0,0,0.125,0.57,0,0,0
0.00764644,0,0,0.125,0.561764706,0,0,0
0.004840407,0,0,0.217391304,0.47,0,0,0
0.001753771,0,0,0,0.69,0,0,0
0.007225535,0,0,0.333333333,0.349130435,0,0,0
0.020904946,0,0,0,0.666666667,0,0,0
0.004489653,0,0,0,0.679454546,0,0,0
0.001613469,0,0,0,0.682,0,0,0
0,0,0,0,0.683333333,0,0,0
0.046860751,0.004555809,0,0.205128205,0.412179487,0,0,0
0.031287268,0.002277904,0,0.211764706,0.43,0,0,0
0,0,0,0,0.682,0,0,0
0.04258155,0,0,0.209150327,0.429583333,0,0,0
0.023921431,0.025056948,0,0.375,0.180372671,0,0,0
0.000280603,0,0,0,0.6775,0,0,0
0.011855489,0,0,0,0.663333333,0,0,0
0,0,0,0,0.675,0,0,0
0.053665381,0,0,0.337837838,0.281470588,0,0,0
0,0.002277904,0,0,0.663333333,0,0,0
0.007856892,0,0,0.285714286,0.378571429,0,0,0
0.010733076,0.004555809,0.018181818,0,0.57,0,0,0
0.000701508,0,0,0,0.67,0,0,0
0,0,0,0,0.67,0,0,0
0,0,0,0,0.67,0,0,0
0,0,0,0,0.67,0,0,0
0,0,0,0,0.668,0,0,0
0,0,0,0,0.666666667,0,0,0
7.02E-05,0,0,0,0.663333333,0,0,0
0.02293932,0,0,0,0.64,0,0,0
0.008067345,0,0,0,0.654,0,0,0
0.004980709,0,0,0.090909091,0.565625,0,0,0
0.003086636,0,0,0,0.654,0,0,0
0.008067345,0,0,0.34375,0.301666667,0,0,0
0.006664328,0,0,0,0.64,0,0,0
0.006453876,0,0,0,0.64,0,0,0
0.003788145,0,0,0,0.64,0,0,0
0.001964223,0,0,0,0.64,0,0,0
0.012977902,0,0,0.058823529,0.57,0,0,0
0,0,0,0,0.64,0,0,0
0,0,0,0,0.64,0,0,0
0,0,0,0,0.64,0,0,0
0.005471764,0,0,0.2,0.43,0,0,0
0.003086636,0.004555809,0,0.181818182,0.43,0,0,0
0.009119607,0,0,0,0.616666667,0,0,0
0.001894072,0,0,0,0.616666667,0,0,0
0.000982112,0,0,0,0.616666667,0,0,0
0.000210452,0,0,0,0.616666667,0,0,0
0.007576289,0,0,0.134615385,0.471176471,0,0,0
0.042932304,0,0,0,0.57,0,0,0
0.005191161,0.013667426,0,0.214285714,0.336666667,0,0,0
0.026867766,0,0,0,0.582727273,0,0,0
0.00259558,0,0,0,0.605,0,0,0
0,0,0,0,0.605,0,0,0
0,0,0,0,0.605,0,0,0
0.005541915,0,0,0,0.598,0,0,0
0.003717994,0,0,0,0.598,0,0,0
0.000911961,0,0,0,0.598,0,0,0
0.008839004,0,0,0,0.59,0,0,0
0,0,0,0,0.598,0,0,0
0,0,0,0,0.598,0,0,0
0.065941775,0.002277904,0.009090909,0,0.486,8.60E-05,0,0
0.000701508,0,0,0.166666667,0.43,0,0,0
0.025043844,0,0,0,0.57,0,0,0
0.006173273,0.004555809,0,0,0.57,0,0,0
0.004770256,0.004555809,0,0,0.57,0,0,0
0.003226938,0.004555809,0,0,0.57,0,0,0
0.019712382,0,0,0,0.571530612,0,0,0
0.089793055,0,0,0.052325581,0.448058608,0,0,0
0.016555595,0,0,0,0.57,0,0,0
0.008277797,0,0,0.1,0.476666667,0,0,0
0.000210452,0,0,0,0.584,0,0,0
0.011013679,0,0,0,0.57,0,0,0
0.001543318,0.002277904,0,0,0.57,0,0,0
0.010101719,0,0,0,0.57,0,0,0
0.010101719,0,0,0,0.57,0,0,0
0.009750965,0,0,0,0.57,0,0,0
0.00848825,0,0,0,0.57,0,0,0
0.008347948,0,0,0,0.57,0,0,0
0.007997194,0,0,0,0.57,0,0,0
0.007786741,0,0,0,0.57,0,0,0
0.007225535,0,0,0,0.57,0,0,0
0.007856892,0,0,0.138888889,0.43,0,0,0
0.006243423,0,0,0,0.57,0,0,0
0.005892669,0,0,0,0.57,0,0,0
0.005682217,0,0,0,0.57,0,0,0
0.005541915,0,0,0,0.57,0,0,0
0.004980709,0,0,0,0.57,0,0,0
0.004419502,0,0,0,0.57,0,0,0
0.003928446,0,0,0,0.57,0,0,0
0.003577692,0,0,0,0.57,0,0,0
0.003507541,0,0,0,0.57,0,0,0
0.003016485,0,0,0,0.57,0,0,0
0.002806033,0,0,0,0.57,0,0,0
0.002455279,0,0,0,0.57,0,0,0
0.002314977,0,0,0,0.57,0,0,0
0.002244826,0,0,0,0.57,0,0,0
0.002244826,0,0,0,0.57,0,0,0
0.002174676,0,0,0,0.57,0,0,0
0.002104525,0,0,0,0.57,0,0,0
0.001964223,0,0,0,0.57,0,0,0
0.001894072,0,0,0,0.57,0,0,0
0.001894072,0,0,0,0.57,0,0,0
0.001894072,0,0,0,0.57,0,0,0
0.001753771,0,0,0,0.57,0,0,0
0.001613469,0,0,0,0.57,0,0,0
0.001613469,0,0,0,0.57,0,0,0
0.001543318,0,0,0,0.57,0,0,0
0.001403016,0,0,0,0.57,0,0,0
0.001332866,0,0,0,0.57,0,0,0
0.001332866,0,0,0,0.57,0,0,0
0.001332866,0,0,0,0.57,0,0,0
0.001262715,0,0,0,0.57,0,0,0
0.000982112,0,0,0,0.57,0,0,0
0.000911961,0,0,0,0.57,0,0,0
0.00084181,0,0,0,0.57,0,0,0
0.00084181,0,0,0,0.57,0,0,0
0.00084181,0,0,0,0.57,0,0,0
0.00084181,0,0,0,0.57,0,0,0
0.000771659,0,0,0,0.57,0,0,0
0.000701508,0,0,0,0.57,0,0,0
0.000701508,0,0,0,0.57,0,0,0
0.000701508,0,0,0,0.57,0,0,0
0.000701508,0,0,0,0.57,0,0,0
0.000631357,0,0,0,0.57,0,0,0
0.000561207,0,0,0,0.57,0,0,0
0.000561207,0,0,0,0.57,0,0,0
0.000561207,0,0,0,0.57,0,0,0
0.000491056,0,0,0,0.57,0,0,0
0.000491056,0,0,0,0.57,0,0,0
0.000420905,0,0,0,0.57,0,0,0
0.000420905,0,0,0,0.57,0,0,0
0.000350754,0,0,0,0.57,0,0,0
0.000350754,0,0,0,0.57,0,0,0
0.000350754,0,0,0,0.57,0,0,0
0.000280603,0,0,0,0.57,0,0,0
0.000280603,0,0,0,0.57,0,0,0
0.000280603,0,0,0,0.57,0,0,0
0.000280603,0,0,0,0.57,0,0,0
0.000210452,0,0,0,0.57,0,0,0
0.000210452,0,0,0,0.57,0,0,0
0.000210452,0,0,0,0.57,0,0,0
0.000140302,0,0,0,0.57,0,0,0
0.000140302,0,0,0,0.57,0,0,0
0.000140302,0,0,0,0.57,0,0,0
0,0,0,0,0.57,0,0,0
0,0,0,0,0.57,0,0,0
0,0,0,0,0.57,0,0,0
0,0,0,0,0.57,0,0,0
0,0,0,0,0.57,0,0,0
0,0,0,0,0.57,0,0,0
0,0,0,0,0.57,0,0,0
0,0,0,0,0.57,0,0,0
0,0,0,0,0.57,0,0,0
0,0,0,0,0.57,0,0,0
0,0,0,0,0.57,0,0,0
0,0,0,0,0.57,0,0,0
0,0,0,0,0.57,0,0,0
0,0,0,0,0.57,0,0,0
0,0,0,0,0.57,0,0,0
0,0,0,0,0.57,0,0,0
0,0,0,0,0.57,0,0,0
0,0,0,0,0.57,0,0,0
0,0,0,0,0.57,0,0,0
0,0,0,0,0.57,0,0,0
0,0,0,0,0.57,0,0,0
0,0,0,0,0.57,0,0,0
0,0,0,0,0.57,0,0,0
0,0,0,0,0.57,0,0,0
0,0,0,0,0.57,0,0,0
0,0,0,0,0.57,0,0,0
0,0,0,0,0.57,0,0,0
0,0,0,0,0.57,0,0,0
0,0,0,0,0.57,0,0,0
0,0,0,0,0.57,0,0,0
0,0,0,0,0.57,0,0,0
0,0,0,0,0.57,0,0,0
0,0,0,0,0.57,0,0,0
0,0,0,0,0.57,0,0,0
0,0,0,0,0.57,0,0,0
0,0,0,0,0.57,0,0,0
0,0,0,0,0.57,0,0,0
0,0,0,0,0.57,0,0,0
0,0,0,0,0.57,0,0,0
0,0,0,0,0.57,0,0,0
0,0,0,0,0.57,0,0,0
0,0,0,0,0.57,0,0,0
0,0,0,0,0.57,0,0,0
0,0,0,0,0.57,0,0,0
0,0,0,0,0.57,0,0,0
0,0,0,0,0.57,0,0,0
0,0,0,0,0.57,0,0,0
0,0,0,0,0.57,0,0,0
0,0,0,0,0.57,0,0,0
0,0,0,0,0.57,0,0,0
0,0,0,0,0.57,0,0,0
0,0,0,0,0.57,0,0,0
0,0,0,0,0.57,0,0,0
0,0,0,0,0.57,0,0,0
0,0,0,0,0.57,0,0,0
0,0,0,0,0.57,0,0,0
0,0,0,0,0.57,0,0,0
0,0,0,0,0.57,0,0,0
0,0,0,0,0.57,0,0,0
0,0,0,0,0.57,0,0,0
0,0,0,0,0.57,0,0,0
0,0,0,0,0.57,0,0,0
0,0,0,0,0.57,0,0,0
0,0,0,0,0.57,0,0,0
0,0,0,0,0.57,0,0,0
0,0,0,0,0.57,0,0,0
0,0,0,0,0.57,0,0,0
0.003858295,0,0,0,0.565172414,0,0,0
0.003647843,0,0,0,0.554814815,0,0,0
0.000982112,0.004555809,0.009090909,0,0.5,4.60E-05,0,0
0.004419502,0.002277904,0,0,0.542,0,0,0
0.000420905,0,0,0,0.5525,0,0,0
0.004068748,0,0,0,0.548125,0,0,0
0.005892669,0,0,0,0.542,0,0,0
0.001052262,0,0,0,0.546666667,0,0,0
0,0,0,0,0.546,0,0,0
0.003788145,0.002277904,0,0,0.531612903,0,0,0
7.02E-05,0.002277904,0,0,0.535,0,0,0
0,0,0,0,0.542,0,0,0
0.002034374,0,0,0,0.53953125,0,0,0
0.070361277,0.002277904,0,0.161048689,0.299041096,0,0,0
0.00084181,0,0,0,0.535,0,0,0
0,0,0,0,0.535,0,0,0
0.034373904,0,0,0,0.4972,0,0,0
0.007015082,0.002277904,0,0,0.511395349,0,0,0
0,0,0,0,0.526923077,0,0,0
0.00259558,0,0,0,0.523333333,0,0,0
0,0,0,0,0.523333333,0,0,0
0.000982112,0,0,0.090909091,0.43,0,0,0
0,0,0,0,0.519090909,0,0,0
0.009049456,0.006833713,0.009090909,0.272727273,0.170776362,0.00087706,0,0
0.002034374,0.002277904,0,0,0.503333333,0,0,0
0,0,0,0,0.514,0,0,0
0.008839004,0.006833713,0,0.2,0.277142857,0,0,0
0.006874781,0,0,0.1,0.404545455,0,0,0
0.005541915,0,0,0,0.5,0,0,0
0.004138899,0,0,0,0.5,0,0,0
0.001262715,0,0,0,0.5,0,0,0
0.00084181,0,0,0,0.5,0,0,0
0.000771659,0,0,0,0.5,0,0,0
0.000280603,0,0,0,0.5,0,0,0
0,0,0,0,0.5,0,0,0
0,0,0,0,0.5,0,0,0
0,0,0,0,0.5,0,0,0
0,0,0,0,0.5,0,0,0
0,0,0,0,0.5,0,0,0
0,0,0,0,0.5,0,0,0
0.009821115,0.002277904,0,0.263157895,0.217619048,0,0,0
0,0,0,0,0.4975,0,0,0
0.002665731,0,0,0,0.492222222,0,0,0
0.00259558,0,0,0,0.481818182,0,0,0
0.0042792,0,0,0,0.478125,0,0,0
0.001613469,0,0,0,0.476666667,0,0,0
0.000420905,0,0,0,0.476666667,0,0,0
0.000420905,0,0,0,0.476666667,0,0,0
0.000140302,0,0,0,0.476666667,0,0,0
0,0,0,0,0.476666667,0,0,0
0,0,0,0,0.476666667,0,0,0
0.038021747,0,0,0.093457944,0.340266667,0,0,0
0.028621536,0.002277904,0,0.12987013,0.304067797,0,0,0
0,0,0,0,0.465,0,0,0
0.016415293,0.006833713,0,0.117647059,0.295753425,0,0,0
7.02E-05,0,0,0,0.45,0,0,0
0.002806033,0,0,0,0.444,0,0,0
0.0042792,0.006833713,0.009090909,0,0.377350427,0,0,0
0.001543318,0,0,0,0.442727273,0,0,0
0.013679411,0,0,0,0.43,0,0,0
0.004489653,0.002277904,0,0,0.43,0,0,0
0,0,0,0,0.441554127,0,0,0
0.008698702,0,0,0,0.430285714,0,0,0
0.000210452,0,0,0,0.43875,0,0,0
0.000911961,0,0,0,0.4356,0,0,0
0.006313574,0,0,0,0.43,0,0,0
0.004700105,0,0,0,0.43,0,0,0
0.004419502,0,0,0,0.43,0,0,0
0.003297089,0,0,0,0.43,0,0,0
0.002946335,0,0,0,0.43,0,0,0
0.002876184,0,0,0,0.43,0,0,0
0.002385128,0,0,0,0.43,0,0,0
0.001894072,0,0,0,0.43,0,0,0
0.001613469,0,0,0,0.43,0,0,0
0.001473167,0,0,0,0.43,0,0,0
0.001473167,0,0,0,0.43,0,0,0
0.001052262,0,0,0,0.43,0,0,0
0.000911961,0,0,0,0.43,0,0,0
0.000771659,0,0,0,0.43,0,0,0
0.000701508,0,0,0,0.43,0,0,0
0.000701508,0,0,0,0.43,0,0,0
0.000491056,0,0,0,0.43,0,0,0
0.000491056,0,0,0,0.43,0,0,0
0.000420905,0,0,0,0.43,0,0,0
0.000350754,0,0,0,0.43,0,0,0
0.000350754,0,0,0,0.43,0,0,0
0.000280603,0,0,0,0.43,0,0,0
0.000210452,0,0,0,0.43,0,0,0
0.000210452,0,0,0,0.43,0,0,0
0.000140302,0,0,0,0.43,0,0,0
0.000140302,0,0,0,0.43,0,0,0
0.000140302,0,0,0,0.43,0,0,0
0.000140302,0,0,0,0.43,0,0,0
0.000140302,0,0,0,0.43,0,0,0
0.000140302,0,0,0,0.43,0,0,0
0.000140302,0,0,0,0.43,0,0,0
0.000140302,0,0,0,0.43,0,0,0
7.02E-05,0,0,0,0.43,0,0,0
7.02E-05,0,0,0,0.43,0,0,0
7.02E-05,0,0,0,0.43,0,0,0
7.02E-05,0,0,0,0.43,0,0,0
0,0,0,0,0.43,0,0,0
0,0,0,0,0.43,0,0,0
0,0,0,0,0.43,0,0,0
0,0,0,0,0.43,0,0,0
0,0,0,0,0.43,0,0,0
0,0,0,0,0.43,0,0,0
0,0,0,0,0.43,0,0,0
0,0,0,0,0.43,0,0,0
0,0,0,0,0.43,0,0,0
0,0,0,0,0.43,0,0,0
0,0,0,0,0.43,0,0,0
0,0,0,0,0.43,0,0,0
0,0,0,0,0.43,0,0,0
0,0,0,0,0.43,0,0,0
0,0,0,0,0.43,0,0,0
0,0,0,0,0.43,0,0,0
0,0,0,0,0.43,0,0,0
0,0,0,0,0.43,0,0,0
0,0,0,0,0.43,0,0,0
0,0,0,0,0.43,0,0,0
0,0,0,0,0.43,0,0,0
0,0,0,0,0.43,0,0,0
0,0,0,0,0.43,0,0,0
0,0,0,0,0.43,0,0,0
0,0,0,0,0.43,0,0,0
0,0,0,0,0.43,0,0,0
0,0,0,0,0.43,0,0,0
0,0,0,0,0.43,0,0,0
0,0,0,0,0.43,0,0,0
0,0,0,0,0.43,0,0,0
0,0,0,0,0.43,0,0,0
0,0,0,0,0.43,0,0,0
0,0,0,0,0.43,0,0,0
0,0,0,0,0.43,0,0,0
0,0,0,0,0.43,0,0,0
0,0,0,0,0.43,0,0,0
0,0,0,0,0.43,0,0,0
0,0,0,0,0.43,0,0,0
0,0,0,0,0.43,0,0,0
0,0,0,0,0.43,0,0,0
0,0,0,0,0.43,0,0,0
0,0,0,0,0.43,0,0,0
0,0,0,0,0.43,0,0,0
0,0,0,0,0.43,0,0,0
0,0,0,0,0.43,0,0,0
0,0,0,0,0.43,0,0,0
0,0,0,0,0.43,0,0,0
0,0,0,0,0.43,0,0,0
0,0,0,0,0.43,0,0,0
0,0,0,0,0.43,0,0,0
0,0,0,0,0.43,0,0,0
0,0,0,0,0.43,0,0,0
0,0,0,0,0.43,0,0,0
0,0,0,0,0.43,0,0,0
0,0,0,0,0.43,0,0,0
0,0,0,0,0.43,0,0,0
0,0,0,0,0.43,0,0,0
0,0,0,0,0.43,0,0,0
0,0,0,0,0.43,0,0,0
0,0,0,0,0.43,0,0,0
0,0,0,0,0.43,0,0,0
0,0,0,0,0.43,0,0,0
0,0,0,0,0.43,0,0,0
0,0,0,0,0.43,0,0,0
0,0,0,0,0.43,0,0,0
0,0,0,0,0.43,0,0,0
0,0,0,0,0.43,0,0,0
0,0,0,0,0.43,0,0,0
0,0,0,0,0.43,0,0,0
0,0,0,0,0.43,0,0,0
0,0,0,0,0.423,0,0,0
0.000350754,0,0,0,0.422631579,0,0,0
0,0,0,0,0.419818182,0,0,0
0,0,0,0,0.417826087,0,0,0
0,0,0,0,0.417272727,0,0,0
0.028551385,0,0,0.097087379,0.29,0,0,0
0.005191161,0,0,0,0.41,0,0,0
0.002665731,0,0,0,0.409354839,0,0,0
0.000140302,0,0,0,0.411610169,0,0,0
0.003788145,0,0,0,0.402777778,0,0,0
0.003928446,0,0,0,0.402,0,0,0
0.000420905,0,0,0,0.397692308,0,0,0
0,0,0,0,0.395,0,0,0
0,0,0,0,0.383333333,0,0,0
0,0,0,0,0.364846154,0,0,0
0,0,0,0,0.364117647,0,0,0
0.000420905,0,0,0,0.36,0,0,0
0.000350754,0,0,0,0.36,0,0,0
0.000210452,0,0,0,0.36,0,0,0
0,0,0,0,0.36,0,0,0
0,0,0,0,0.36,0,0,0
0,0,0,0,0.355882353,0,0,0
0.000771659,0,0,0,0.351827605,0,0,0
0,0,0,0,0.351025641,0,0,0
0.001052262,0,0,0,0.346,0,0,0
0.002174676,0,0,0,0.342,0,0,0
0.002034374,0,0,0,0.336666667,0,0,0
0.001753771,0,0,0,0.335037879,0,0,0
0,0,0,0,0.33,0,0,0
0.001192564,0,0,0,0.325,0,0,0
0.007997194,0,0,0,0.31625,0,0,0
0.002244826,0,0,0,0.31443203,0,0,0
0.020694493,0,0,0,0.29,0,0,0
0.001823921,0,0,0,0.301052632,0,0,0
0.000280603,0,0,0,0.3012,0,0,0
0.00940021,0,0,0,0.288571429,0,0,0
0.001332866,0,0,0,0.295714286,0,0,0
0.006664328,0,0,0,0.29,0,0,0
0.003086636,0,0,0,0.29,0,0,0
0.002385128,0,0,0,0.29,0,0,0
0.001262715,0,0,0,0.29,0,0,0
0.000561207,0,0,0,0.29,0,0,0
0.000491056,0,0,0,0.29,0,0,0
0.000350754,0,0,0,0.29,0,0,0
0.000280603,0,0,0,0.29,0,0,0
0.000280603,0,0,0,0.29,0,0,0
0.000210452,0,0,0,0.29,0,0,0
0.000210452,0,0,0,0.29,0,0,0
0.000140302,0,0,0,0.29,0,0,0
0.000140302,0,0,0,0.29,0,0,0
0.000140302,0,0,0,0.29,0,0,0
0.000140302,0,0,0,0.29,0,0,0
0,0,0,0,0.29,0,0,0
0,0,0,0,0.29,0,0,0
0,0,0,0,0.29,0,0,0
0,0,0,0,0.29,0,0,0
0,0,0,0,0.29,0,0,0
0,0,0,0,0.29,0,0,0
0,0,0,0,0.29,0,0,0
0,0,0,0,0.29,0,0,0
0,0,0,0,0.29,0,0,0
0,0,0,0,0.29,0,0,0
0,0,0,0,0.29,0,0,0
0,0,0,0,0.29,0,0,0
0,0,0,0,0.29,0,0,0
0,0,0,0,0.29,0,0,0
0,0,0,0,0.29,0,0,0
0,0,0,0,0.29,0,0,0
0,0,0,0,0.29,0,0,0
0,0,0,0,0.29,0,0,0
0,0,0,0,0.29,0,0,0
0,0,0,0,0.29,0,0,0
0,0,0,0,0.29,0,0,0
0,0,0,0,0.29,0,0,0
0,0,0,0,0.29,0,0,0
0,0,0,0,0.29,0,0,0
0,0,0,0,0.29,0,0,0
0,0,0,0,0.29,0,0,0
0,0,0,0,0.29,0,0,0
0,0,0,0,0.29,0,0,0
0,0,0,0,0.29,0,0,0
0,0,0,0,0.29,0,0,0
0,0,0,0,0.29,0,0,0
0,0,0,0,0.29,0,0,0
0,0,0,0,0.29,0,0,0
0,0,0,0,0.29,0,0,0
0,0,0,0,0.29,0,0,0
0,0,0,0,0.29,0,0,0
0,0,0,0,0.29,0,0,0
0,0,0,0,0.29,0,0,0
0,0,0,0,0.29,0,0,0
0,0,0,0,0.29,0,0,0
0,0,0,0,0.29,0,0,0
0,0,0,0,0.29,0,0,0
0,0,0,0,0.29,0,0,0
0,0,0,0,0.29,0,0,0
0,0,0,0,0.29,0,0,0
0,0,0,0,0.29,0,0,0
0,0,0,0,0.29,0,0,0
0,0,0,0,0.29,0,0,0
0,0,0,0,0.29,0,0,0
0,0,0,0,0.29,0,0,0
0,0,0,0,0.29,0,0,0
0,0,0,0,0.29,0,0,0
0,0,0,0,0.29,0,0,0
0,0,0,0,0.29,0,0,0
0,0,0,0,0.286332945,0,0,0
0,0,0,0,0.285454546,0,0,0
0,0,0,0,0.285,0,0,0
0,0,0,0,0.285,0,0,0
0,0,0,0,0.284482759,0,0,0
0.010101719,0,0,0,0.272810458,0,0,0
0.000350754,0,0,0,0.275,0,0,0
0.012136093,0,0,0,0.225416667,0,0,0
0,0,0,0,0.215,0,0,0
0.000140302,0,0,0,0.214318182,0,0,0
0,0,0,0,0.206666667,0,0,0
0.000631357,0,0,0,0.19,0,0,0
0,0,0,0,0.19,0,0,0
0.003507541,0,0,0,0.185454545,0,0,0
0,0,0,0,0.163913044,0,0,0
0,0,0,0,0.160901034,0,0,0
0.000350754,0,0,0,0.14,0,0,0
7.02E-05,0,0,0,0.14,0,0,0
0,0,0,0,0.14,0,0,0
0,0,0,0,0.14,0,0,0
0,0,0,0,0.14,0,0,0
0,0,0,0,0.14,0,0,0
0,0,0,0,0.14,0,0,0
0,0,0,0,0.14,0,0,0
0,0,0,0,0.14,0,0,0
0,0,0,0,0.14,0,0,0
0,0,0,0,0.14,0,0,0
0,0,0,0,0.14,0,0,0
0,0,0,0,0.14,0,0,0
0,0,0,0,0.14,0,0,0
0,0,0,0,0.14,0,0,0
0,0,0,0,0.14,0,0,0
0,0,0,0,0.14,0,0,0
0,0,0,0,0.14,0,0,0
0,0,0,0,0.14,0,0,0
0,0,0,0,0.14,0,0,0
0,0,0,0,0.14,0,0,0
0,0,0,0,0.14,0,0,0
0,0,0,0,0.14,0,0,0
0,0,0,0,0.14,0,0,0
0,0,0,0,0.14,0,0,0
0,0,0,0,0.14,0,0,0
0,0,0,0,0.14,0,0,0
0,0,0,0,0.14,0,0,0
0,0,0,0,0.14,0,0,0
0,0,0,0,0.14,0,0,0
0,0,0,0,0.14,0,0,0
0,0,0,0,0.14,0,0,0
0.002665731,0,0,0,0,0,0,0
0.001543318,0,0,0,0,0,0,0
0,0,0,0,0,0,0,0
0,0,0,0,0,0,0,0
0,0,0,0,0,0,0,0
0,0,0,0,0,0,0,0
0,0,0,0,0,0,0,0
0,0,0,0,0,0,0,0
0,0,0,0,0,0,0,0
0,0,0,0,0,0,0,0
0,0,0,0,0,0,0,0
0,0,0,0,0,0,0,0
0,0,0,0,0,0,0,0
0,0,0,0,0,0,0,0
0,0,0,0,0,0,0,0
0,0,0,0,0,0,0,0
0,0,0,0,0,0,0,0
0,0,0,0,0,0,0,0
0,0,0,0,0,0,0,0
0,0,0,0,0,0,0,0
0,0,0,0,0,0,0,0
0,0,0,0,0,0,0,0
0,0,0,0,0,0,0,0
0,0,0,0,0,0,0,0
0,0,0,0,0,0,0,0
0,0,0,0,0,0,0,0
0,0,0,0,0,0,0,0
0,0,0,0,0,0,0,0
0,0,0,0,0,0,0,0
0,0,0,0,0,0,0,0
0,0,0,0,0,0,0,0
0,0,0,0,0,0,0,0
0,0,0,0,0,0,0,0
0,0,0,0,0,0,0,0
0,0,0,0,0,0,0,0
0,0,0,0,0,0,0,0
0,0,0,0,0,0,0,0
0,0,0,0,0,0,0,0
0,0,0,0,0,0,0,0
0,0,0,0,0,0,0,0
0,0,0,0,0,0,0,0
0,0,0,0,0,0,0,0
0,0,0,0,0,0,0,0
0,0,0,0,0,0,0,0
0,0,0,0,0,0,0,0
0,0,0,0,0,0,0,0
0,0,0,0,0,0,0,0
0,0,0,0,0,0,0,0
0,0,0,0,0,0,0,0
0,0,0,0,0,0,0,0
0,0,0,0,0,0,0,0
0,0,0,0,0,0,0,0
0,0,0,0,0,0,0,0
0,0,0,0,0,0,0,0
0,0,0,0,0,0,0,0
0,0,0,0,0,0,0,0
0,0,0,0,0,0,0,0
0,0,0,0,0,0,0,0
0,0,0,0,0,0,0,0
0,0,0,0,0,0,0,0
0,0,0,0,0,0,0,0
0,0,0,0,0,0,0,0
0,0,0,0,0,0,0,0
0,0,0,0,0,0,0,0
0,0,0,0,0,0,0,0
0,0,0,0,0,0,0,0
0,0,0,0,0,0,0,0
0,0,0,0,0,0,0,0
0,0,0,0,0,0,0,0
0,0,0,0,0,0,0,0
0,0,0,0,0,0,0,0
0,0,0,0,0,0,0,0
0,0,0,0,0,0,0,0
0,0,0,0,0,0,0,0
0,0,0,0,0,0,0,0
0,0,0,0,0,0,0,0
0,0,0,0,0,0,0,0
0,0,0,0,0,0,0,0
0,0,0,0,0,0,0,0
0,0,0,0,0,0,0,0
0,0,0,0,0,0,0,0
0,0,0,0,0,0,0,0
0,0,0,0,0,0,0,0
0,0,0,0,0,0,0,0
0,0,0,0,0,0,0,0
0,0,0,0,0,0,0,0
0,0,0,0,0,0,0,0
0,0,0,0,0,0,0,0
0,0,0,0,0,0,0,0
0,0,0,0,0,0,0,0
0,0,0,0,0,0,0,0
0,0,0,0,0,0,0,0
0,0,0,0,0,0,0,0
0,0,0,0,0,0,0,0
0,0,0,0,0,0,0,0
0,0,0,0,0,0,0,0
0,0,0,0,0,0,0,0
0,0,0,0,0,0,0,0
0,0,0,0,0,0,0,0
0,0,0,0,0,0,0,0
0,0,0,0,0,0,0,0
0,0,0,0,0,0,0,0
0,0,0,0,0,0,0,0
0,0,0,0,0,0,0,0
0,0,0,0,0,0,0,0
0,0,0,0,0,0,0,0
0,0,0,0,0,0,0,0
0,0,0,0,0,0,0,0
0,0,0,0,0,0,0,0
0,0,0,0,0,0,0,0
0,0,0,0,0,0,0,0
0,0,0,0,0,0,0,0
0,0,0,0,0,0,0,0
0,0,0,0,0,0,0,0
0,0,0,0,0,0,0,0
0,0,0,0,0,0,0,0
0,0,0,0,0,0,0,0
0,0,0,0,0,0,0,0
0,0,0,0,0,0,0,0
0,0,0,0,0,0,0,0
0,0,0,0,0,0,0,0
0,0,0,0,0,0,0,0
0,0,0,0,0,0,0,0
0,0,0,0,0,0,0,0
0,0,0,0,0,0,0,0
0,0,0,0,0,0,0,0
0,0,0,0,0,0,0,0
0,0,0,0,0,0,0,0
0,0,0,0,0,0,0,0
0,0,0,0,0,0,0,0
0,0,0,0,0,0,0,0
0,0,0,0,0,0,0,0
0,0,0,0,0,0,0,0
0,0,0,0,0,0,0,0
0,0,0,0,0,0,0,0
0,0,0,0,0,0,0,0
0,0,0,0,0,0,0,0
0,0,0,0,0,0,0,0
0,0,0,0,0,0,0,0
0,0,0,0,0,0,0,0
0,0,0,0,0,0,0,0
0,0,0,0,0,0,0,0
0,0,0,0,0,0,0,0
0,0,0,0,0,0,0,0
0,0,0,0,0,0,0,0
0,0,0,0,0,0,0,0
0,0,0,0,0,0,0,0
0,0,0,0,0,0,0,0
0,0,0,0,0,0,0,0
0,0,0,0,0,0,0,0
0,0,0,0,0,0,0,0
0,0,0,0,0,0,0,0
0,0,0,0,0,0,0,0
0,0,0,0,0,0,0,0
0,0,0,0,0,0,0,0
0,0,0,0,0,0,0,0
0,0,0,0,0,0,0,0
0,0,0,0,0,0,0,0
0,0,0,0,0,0,0,0
0,0,0,0,0,0,0,0
0,0,0,0,0,0,0,0
0,0,0,0,0,0,0,0
0,0,0,0,0,0,0,0
0,0,0,0,0,0,0,0
0,0,0,0,0,0,0,0
0,0,0,0,0,0,0,0
0,0,0,0,0,0,0,0
0,0,0,0,0,0,0,0
0,0,0,0,0,0,0,0
0,0,0,0,0,0,0,0
0,0,0,0,0,0,0,0
0,0,0,0,0,0,0,0
0,0,0,0,0,0,0,0
0,0,0,0,0,0,0,0
0,0,0,0,0,0,0,0
0,0,0,0,0,0,0,0
0,0,0,0,0,0,0,0
0,0,0,0,0,0,0,0
0,0,0,0,0,0,0,0
0,0,0,0,0,0,0,0
0,0,0,0,0,0,0,0
0,0,0,0,0,0,0,0
0,0,0,0,0,0,0,0
0,0,0,0,0,0,0,0
0,0,0,0,0,0,0,0
0,0,0,0,0,0,0,0
0,0,0,0,0,0,0,0
0,0,0,0,0,0,0,0
0,0,0,0,0,0,0,0
0,0,0,0,0,0,0,0
0,0,0,0,0,0,0,0
0,0,0,0,0,0,0,0
0,0,0,0,0,0,0,0
0,0,0,0,0,0,0,0
0,0,0,0,0,0,0,0
0,0,0,0,0,0,0,0
0,0,0,0,0,0,0,0
0,0,0,0,0,0,0,0
0,0,0,0,0,0,0,0
0,0,0,0,0,0,0,0
0,0,0,0,0,0,0,0
0,0,0,0,0,0,0,0