"page_views","offers","orders","company_reply_rate","product_completness","total_order_value_in_euro","monetize_amount","wootric_score","id","cluster"
1.0,1.0,0.118181818,1.0,0.72744186,0.048541409,0.0,1.0,1.0,"cluster_4"
0.147316731,0.578587699,0.4,0.558599696,0.563013699,0.545682492,0.0,0.8,2.0,"cluster_4"
0.028130481,0.161731207,1.0,1.0,0.736764706,1.0,0.0,0.0,3.0,"cluster_4"
0.499052964,0.956719818,0.445454545,0.772413793,0.724715447,0.057757785,0.08,0.0,4.0,"cluster_4"
0.173833743,0.0,0.0,0.979591837,0.661243781,0.0,1.0,0.0,5.0,"cluster_1"
0.088179586,0.025056948,0.2,1.0,0.57,0.338261334,0.0,1.0,6.0,"cluster_2"
0.396282006,0.157175399,0.045454545,0.996688742,0.781119403,0.004404648,0.0,1.0,7.0,"cluster_2"
0.111750263,0.134396355,0.154545455,1.0,0.474026846,5.35265E-4,0.0,1.0,8.0,"cluster_2"
0.661732725,0.148063781,0.027272727,0.706666667,0.568504068,4.04565E-4,0.0,1.0,9.0,"cluster_2"
0.207576289,0.141230068,0.036363636,0.855421687,0.543333333,0.009538029,0.0,1.0,10.0,"cluster_2"
0.208067345,0.08428246,0.054545455,0.969879518,0.568558559,0.010671758,0.0,1.0,11.0,"cluster_2"
0.037390389,0.054669704,0.009090909,1.0,1.0,0.007339474,0.0,1.0,12.0,"cluster_2"
0.049666784,0.047835991,0.063636364,1.0,0.751777778,0.003624428,0.0,1.0,13.0,"cluster_2"
0.178183094,0.166287016,0.027272727,0.845,0.699090909,0.017859352,0.0,0.9,14.0,"cluster_2"
0.050157839,0.009111617,0.009090909,1.0,0.85516129,0.0,0.0,1.0,15.0,"cluster_2"
0.091476675,0.061503417,0.0,0.787234043,0.849150327,0.0,0.0,1.0,16.0,"cluster_2"
0.006243423,0.01594533,0.036363636,0.923076923,0.8,0.004944212,0.0,1.0,17.0,"cluster_2"
0.241388986,0.075170843,0.018181818,0.998007968,0.246560365,0.001892515,0.0,1.0,18.0,"cluster_2"
0.033742546,0.223234624,0.090909091,0.995633188,0.524776119,0.081886462,0.0,0.7,19.0,"cluster_2"
0.012136093,0.011389522,0.009090909,1.0,0.64,0.0,0.0,1.0,20.0,"cluster_2"
0.042371098,0.013667426,0.0,0.944444444,0.682,0.0,0.0,1.0,21.0,"cluster_2"
0.144580849,0.097949886,0.054545455,0.870317003,0.357504873,0.007954091,0.05,0.833333333,22.0,"cluster_2"
0.043633813,0.070615034,0.054545455,1.0,0.385,0.015709695,0.0,0.9,23.0,"cluster_2"
0.185478779,0.066059226,0.036363636,1.0,0.687368421,0.002880541,0.0,0.8,24.0,"cluster_2"
0.038653104,0.006833713,0.0,1.0,0.816578947,0.0,0.0,0.9,25.0,"cluster_2"
0.60940021,0.157175399,0.118181818,0.740506329,0.553969466,0.038008442,0.0,0.6,26.0,"cluster_2"
0.02293932,0.034168565,0.009090909,0.794642857,0.458823529,0.008770601,0.0,1.0,27.0,"cluster_2"
0.083900386,0.0,0.0,0.777777778,0.980666667,0.0,0.0,0.9,28.0,"cluster_2"
0.320098211,0.25284738,0.072727273,1.0,0.34095057,0.001466281,0.0,0.6,29.0,"cluster_2"
0.018519818,0.043280182,0.0,0.923076923,0.57,0.0,0.0,0.9,30.0,"cluster_2"
0.002174676,0.01594533,0.0,0.7,0.501538462,0.0,0.0,1.0,31.0,"cluster_2"
0.006243423,0.002277904,0.009090909,0.8,0.715,0.01586447,0.0,0.9,32.0,"cluster_2"
0.391932655,0.211845103,0.045454545,0.728070175,0.427593031,8.89958E-4,0.0,0.65,33.0,"cluster_2"
0.016976499,0.004555809,0.0,0.928571429,0.5975,0.0,0.0,0.9,34.0,"cluster_2"
0.506839705,0.671981777,0.081818182,0.988261189,0.53538937,0.019186482,0.0,0.0,35.0,"cluster_4"
0.04426517,0.004555809,0.0,0.8,0.445217391,0.0,0.0,0.9,36.0,"cluster_2"
0.658084882,0.496583144,0.081818182,1.0,0.672222222,0.063296613,0.0,0.0,37.0,"cluster_4"
0.093861803,0.002277904,0.009090909,0.167464115,0.351339286,0.002505633,0.0,1.0,38.0,"cluster_2"
0.032129078,0.002277904,0.0,0.0,1.0,0.0,0.0,0.9,39.0,"cluster_2"
0.012627148,0.002277904,0.009090909,0.0,0.57,0.0,0.0,1.0,40.0,"cluster_2"
0.008839004,0.0,0.0,0.0,0.57,0.0,0.0,1.0,41.0,"cluster_2"
0.001894072,0.0,0.0,0.0,0.57,0.0,0.0,1.0,42.0,"cluster_2"
0.052683269,0.006833713,0.0,0.171717172,0.304511278,0.0,0.0,1.0,43.0,"cluster_2"
0.003016485,0.002277904,0.009090909,0.0,0.435283019,0.0,0.0,1.0,44.0,"cluster_2"
0.016766047,0.0,0.0,0.666666667,0.57,0.0,0.0,0.8,45.0,"cluster_2"
0.094282708,0.0,0.0,1.0,0.548222222,0.0,0.0,0.7,46.0,"cluster_2"
0.067414942,0.020501139,0.018181818,1.0,0.351895425,0.0,0.0,0.7,47.0,"cluster_2"
0.024903543,0.0,0.0,1.0,0.542,0.0,0.0,0.7,48.0,"cluster_2"
0.114345844,0.129840547,0.009090909,0.90625,0.358247863,0.001238203,0.0,0.6,49.0,"cluster_2"
8.4181E-4,0.0,0.0,0.0,0.64,0.0,0.0,0.9,50.0,"cluster_2"
0.031076815,0.018223235,0.009090909,0.416666667,0.633636364,8.6E-6,0.0,0.7,51.0,"cluster_2"
0.235356015,0.444191344,0.018181818,1.0,0.758026316,0.06577951,0.0,0.0,52.0,"cluster_1"
0.132094002,0.298405467,0.190909091,0.898039216,0.728409091,0.07881774,0.0,0.0,53.0,"cluster_1"
8.4181E-4,0.004555809,0.009090909,0.0,0.57,0.0,0.0,0.8,54.0,"cluster_2"
0.048053315,0.020501139,0.009090909,0.288659794,0.499156627,7.36E-5,0.0,0.7,55.0,"cluster_2"
0.0,0.0,0.0,0.0,0.86,0.0,0.0,0.7,56.0,"cluster_3"
0.028761838,0.266514806,0.281818182,0.977941176,0.342156863,0.04131468,0.0,0.0,57.0,"cluster_1"
0.0,0.0,0.0,0.0,0.0,0.0,0.0,0.9,58.0,"cluster_2"
0.0,0.0,0.0,0.0,0.0,0.0,0.0,0.9,59.0,"cluster_2"
0.003507541,0.0,0.0,0.0,0.57,0.0,0.0,0.7,60.0,"cluster_2"
0.041178534,0.002277904,0.0,0.550724638,0.64,0.0,0.0,0.5,61.0,"cluster_2"
7.02E-5,0.0,0.0,0.0,0.43,0.0,0.0,0.7,62.0,"cluster_2"
0.027078218,0.200455581,0.218181818,0.968992248,0.386857143,0.075977125,0.0,0.0,63.0,"cluster_1"
0.0,0.0,0.0,0.0,0.0,0.0,0.0,0.8,64.0,"cluster_0"
0.158470712,0.293849658,0.090909091,1.0,0.376683168,0.020142567,0.0,0.0,65.0,"cluster_1"
0.036759032,0.029612756,0.0,1.0,0.825384615,0.0,0.183333333,0.0,66.0,"cluster_1"
0.190459488,0.330296128,0.027272727,0.829192547,0.330375546,0.001702034,0.0,0.0,67.0,"cluster_1"
0.565485794,0.141230068,0.018181818,0.998885173,0.515671642,6.8746E-4,0.0,0.0,68.0,"cluster_1"
0.075692739,0.159453303,0.081818182,0.887096774,0.734,1.30314E-4,0.0,0.0,69.0,"cluster_1"
0.080673448,0.123006834,0.009090909,0.983606557,0.984444444,9.8E-5,0.0,0.0,70.0,"cluster_1"
0.474640477,0.08428246,0.045454545,0.995955511,0.567941177,1.19306E-4,0.0,0.0,71.0,"cluster_1"
0.085724307,0.129840547,0.018181818,1.0,0.83875,0.009295118,0.0,0.0,72.0,"cluster_1"
0.225745353,0.241457859,0.0,0.935543278,0.370453686,0.0,0.0,0.0,73.0,"cluster_1"
0.107891968,0.164009112,0.081818182,0.898550725,0.406754386,0.015376116,0.0,0.0,74.0,"cluster_1"
0.058365486,0.138952164,0.018181818,1.0,0.691333333,0.017779041,0.0,0.0,75.0,"cluster_1"
0.128937215,0.104783599,0.090909091,0.826446281,0.673333333,9.21E-5,0.0,0.0,76.0,"cluster_1"
0.136653806,0.066059226,0.027272727,1.0,0.867254902,2.3E-5,0.0,0.0,77.0,"cluster_1"
0.211294283,0.13667426,0.018181818,1.0,0.478502226,0.003287686,0.0,0.0,78.0,"cluster_1"
0.059417748,0.077448747,0.018181818,0.956896552,0.897586207,2.43549E-4,0.0,0.0,79.0,"cluster_1"
0.041388986,0.082004556,0.063636364,0.921348315,0.734736842,4.32199E-4,0.0,0.0,80.0,"cluster_1"
0.051280253,0.050113895,0.118181818,1.0,0.523333333,0.0,0.0,0.0,81.0,"cluster_1"
0.220975096,0.104783599,0.054545455,1.0,0.34786645,0.004526318,0.0,0.0,82.0,"cluster_1"
0.129919327,0.091116173,0.018181818,0.965517241,0.669041096,0.0,0.0,0.0,83.0,"cluster_1"
0.192844616,0.268792711,0.009090909,0.57195572,0.30011583,5.37E-5,0.0,0.0,84.0,"cluster_1"
0.013258506,0.043280182,0.0,0.759259259,0.416,0.0,0.0,0.2,85.0,"cluster_1"
0.17109786,0.129840547,0.027272727,0.620347395,0.287437626,6.23E-5,0.066666667,0.0,86.0,"cluster_1"
0.013679411,0.06833713,0.018181818,1.0,0.71,0.013336606,0.0,0.0,87.0,"cluster_1"
0.490564714,0.027334852,0.0,0.813620072,0.679473684,0.0,0.0,0.0,88.0,"cluster_1"
0.015643634,0.018223235,0.0,1.0,1.0,0.0,0.0,0.0,89.0,"cluster_1"
0.014521221,0.006833713,0.0,0.571428571,0.752142857,0.0,0.12,0.0,90.0,"cluster_1"
0.875131533,0.0,0.0,0.232283465,0.976977778,0.0,0.0,0.0,91.0,"cluster_3"
0.123184847,0.218678815,0.045454545,0.510909091,0.35826087,0.008112806,0.0,0.0,92.0,"cluster_1"
0.026867766,0.097949886,0.009090909,0.943820225,0.647727273,0.003301873,0.0,0.0,93.0,"cluster_1"
0.051560856,0.129840547,0.027272727,0.892156863,0.475123967,0.0,0.0,0.0,94.0,"cluster_1"
0.033672396,0.029612756,0.009090909,1.0,0.828,0.007351828,0.0,0.0,95.0,"cluster_1"
0.025254297,0.047835991,0.027272727,0.92,0.670833333,0.047361247,0.0,0.0,96.0,"cluster_1"
0.13447913,0.041002278,0.009090909,0.981818182,0.685538462,0.0,0.0,0.0,97.0,"cluster_1"
0.00168362,0.0,0.0,1.0,1.0,0.0,0.0,0.0,98.0,"cluster_1"
0.040617327,0.011389522,0.0,1.0,0.914444444,0.0,0.0,0.0,99.0,"cluster_1"
0.0,0.0,0.0,0.0,0.0,0.0,0.0,0.5,100.0,"cluster_0"
0.089091547,0.056947608,0.018181818,0.97826087,0.62,2.04217E-4,0.0,0.0,101.0,"cluster_1"
0.021536303,0.009111617,0.0,1.0,0.93,0.0,0.0,0.0,102.0,"cluster_1"
0.019221326,0.01594533,0.0,1.0,0.903333333,0.0,0.0,0.0,103.0,"cluster_1"
0.029603648,0.070615034,0.018181818,0.972972973,0.628333333,0.0,0.0,0.0,104.0,"cluster_1"
0.016836198,0.186788155,0.018181818,0.814814815,0.278970588,0.027682211,0.0,0.0,105.0,"cluster_1"
0.045387583,0.0,0.0,1.0,0.94,0.0,0.0,0.0,106.0,"cluster_1"
0.057944581,0.134396355,0.027272727,0.991689751,0.286650246,0.001059609,0.0,0.0,107.0,"cluster_1"
0.014801824,0.0,0.0,1.0,0.965,0.0,0.0,0.0,108.0,"cluster_1"
0.064117853,0.056947608,0.027272727,1.0,0.57875,0.0,0.0,0.0,109.0,"cluster_1"
0.117502631,0.029612756,0.009090909,1.0,0.701764706,0.0,0.0,0.0,110.0,"cluster_1"
0.086495966,0.0,0.0,0.95,0.913730769,0.0,0.0,0.0,111.0,"cluster_1"
0.03402315,0.056947608,0.081818182,0.641025641,0.71,0.004977196,0.0,0.0,112.0,"cluster_1"
0.006243423,0.027334852,0.0,1.0,0.831875,0.0,0.0,0.0,113.0,"cluster_1"
0.032900737,0.0,0.0,1.0,0.913730769,0.0,0.0,0.0,114.0,"cluster_1"
0.067695545,0.004555809,0.0,1.0,0.859166667,0.0,0.0,0.0,115.0,"cluster_1"
0.018169063,0.045558087,0.0,1.0,0.74,0.0,0.0,0.0,116.0,"cluster_1"
0.013118204,0.0,0.0,1.0,0.922727273,0.0,0.0,0.0,117.0,"cluster_1"
0.012346545,0.0,0.0,1.0,0.9158,0.0,0.0,0.0,118.0,"cluster_1"
0.001262715,0.01594533,0.0,1.0,0.86,0.0,0.0,0.0,119.0,"cluster_1"
0.071132936,0.022779043,0.018181818,1.0,0.686603774,0.0,0.0,0.0,120.0,"cluster_1"
0.010943529,0.025056948,0.0,1.0,0.802,0.0,0.0,0.0,121.0,"cluster_1"
0.008137496,0.006833713,0.0,1.0,0.87625,0.0,0.0,0.0,122.0,"cluster_1"
0.021746756,0.0,0.0,0.882352941,0.9942,0.0,0.0,0.0,123.0,"cluster_1"
0.066853736,0.0,0.0,1.0,0.831276596,0.0,0.0,0.0,124.0,"cluster_1"
0.017327254,0.004555809,0.0,1.0,0.86,0.0,0.0,0.0,125.0,"cluster_1"
0.036759032,0.0,0.0,1.0,0.858164464,0.0,0.0,0.0,126.0,"cluster_1"
0.006664328,0.006833713,0.0,1.0,0.86,0.0,0.0,0.0,127.0,"cluster_1"
0.181199579,0.006833713,0.0,1.0,0.685208333,0.0,0.0,0.0,128.0,"cluster_1"
0.118344441,0.0,0.0,0.85483871,0.918525896,0.0,0.0,0.0,129.0,"cluster_1"
0.033391792,0.009111617,0.0,1.0,0.818,0.0,0.0,0.0,130.0,"cluster_1"
0.080182392,0.009111617,0.0,1.0,0.77,0.0,0.0,0.0,131.0,"cluster_1"
0.004489653,0.043280182,0.090909091,1.0,0.340909091,0.0,0.0,0.0,132.0,"cluster_1"
0.294984216,0.004555809,0.0,0.75,0.8108,0.0,0.0,0.0,133.0,"cluster_1"
0.079551035,0.01594533,0.009090909,0.983050847,0.705609756,0.0,0.0,0.0,134.0,"cluster_1"
0.012136093,0.0,0.0,0.875,0.976666667,0.0,0.0,0.0,135.0,"cluster_1"
0.047562259,0.006833713,0.0,1.0,0.786666667,0.0,0.0,0.0,136.0,"cluster_1"
0.017257103,0.006833713,0.009090909,1.0,0.764545455,0.0,0.0,0.0,137.0,"cluster_1"
0.012206243,0.020501139,0.0,1.0,0.75,0.0,0.0,0.0,138.0,"cluster_1"
0.052472817,0.072892938,0.018181818,1.0,0.4235,0.00148163,0.0,0.0,139.0,"cluster_1"
0.055910207,0.0,0.0,1.0,0.787083333,0.0,0.0,0.0,140.0,"cluster_1"
0.04426517,0.0,0.0,1.0,0.798461538,0.0,0.0,0.0,141.0,"cluster_1"
0.014801824,0.018223235,0.0,1.0,0.744,0.0,0.0,0.0,142.0,"cluster_1"
0.018169063,0.025056948,0.0,1.0,0.71,0.0,0.0,0.0,143.0,"cluster_1"
0.006103122,0.002277904,0.0,0.8,1.0,0.0,0.0,0.0,144.0,"cluster_1"
0.050929498,0.004555809,0.009090909,1.0,0.706283186,0.0,0.0,0.0,145.0,"cluster_1"
0.022518415,0.045558087,0.0,0.938271605,0.6575,0.0,0.0,0.0,146.0,"cluster_1"
0.13272536,0.08428246,0.090909091,0.569306931,0.394222222,0.0,0.0,0.0,147.0,"cluster_1"
0.007295686,0.0,0.0,1.0,0.785,0.0,0.0,0.0,148.0,"cluster_1"
0.009189758,0.004555809,0.0,0.8,0.958,0.0,0.0,0.0,149.0,"cluster_1"
0.010592774,0.029612756,0.063636364,0.878787879,0.503888889,0.007410758,0.0,0.0,150.0,"cluster_1"
0.087337776,0.0,0.0,0.833333333,0.86,0.0,0.0,0.0,151.0,"cluster_1"
0.009821115,0.004555809,0.009090909,1.0,0.71,0.0,0.0,0.0,152.0,"cluster_1"
0.070431428,0.027334852,0.027272727,0.769911504,0.708888889,0.001840107,0.0,0.0,153.0,"cluster_1"
0.076183795,0.013667426,0.0,0.980392157,0.659444444,0.0,0.0,0.0,154.0,"cluster_1"
0.009821115,0.0,0.0,1.0,0.76,0.0,0.0,0.0,155.0,"cluster_1"
0.015643634,0.0,0.0,1.0,0.753571429,0.0,0.0,0.0,156.0,"cluster_1"
0.06039986,0.006833713,0.0,0.75,0.93,0.0,0.0,0.0,157.0,"cluster_1"
0.013118204,0.0,0.0,1.0,0.7525,0.0,0.0,0.0,158.0,"cluster_1"
0.014661522,0.022779043,0.0,0.933333333,0.720333333,0.0,0.0,0.0,159.0,"cluster_1"
0.018169063,0.011389522,0.0,1.0,0.686666667,0.0,0.0,0.0,160.0,"cluster_1"
0.002104525,0.009111617,0.0,1.0,0.71,0.0,0.0,0.0,161.0,"cluster_1"
0.037600842,0.0,0.0,1.0,0.71,0.0,0.0,0.0,162.0,"cluster_1"
0.016555595,0.004555809,0.0,0.9,0.811111111,0.0,0.0,0.0,163.0,"cluster_1"
0.113854788,0.045558087,0.0,0.8,0.647272727,0.0,0.0,0.0,164.0,"cluster_1"
0.006453876,0.009111617,0.0,0.7,1.0,0.0,0.0,0.0,165.0,"cluster_1"
0.028270782,0.0,0.0,1.0,0.71,0.0,0.0,0.0,166.0,"cluster_1"
0.044966678,0.011389522,0.0,1.0,0.644375,0.0,0.0,0.0,167.0,"cluster_1"
0.008277797,0.006833713,0.0,1.0,0.698888889,0.0,0.0,0.0,168.0,"cluster_1"
0.012486847,0.006833713,0.018181818,1.0,0.620909091,0.0,0.0,0.0,169.0,"cluster_1"
0.066152227,0.013667426,0.009090909,0.976190476,0.6,0.0,0.0,0.0,170.0,"cluster_1"
0.027499123,0.0,0.0,1.0,0.7044,0.0,0.0,0.0,171.0,"cluster_1"
0.016625745,0.013667426,0.009090909,1.0,0.607333333,0.006294196,0.0,0.0,172.0,"cluster_1"
0.016345142,0.013667426,0.0,0.916666667,0.736086957,0.0,0.0,0.0,173.0,"cluster_1"
0.114345844,0.0,0.0,1.0,0.608873239,0.0,0.0,0.0,174.0,"cluster_1"
0.003647843,0.002277904,0.0,1.0,0.71,0.0,0.0,0.0,175.0,"cluster_1"
0.008698702,0.0,0.0,1.0,0.71,0.0,0.0,0.0,176.0,"cluster_1"
0.382181691,0.134396355,0.027272727,0.384864865,0.300153022,0.002399017,0.0,0.0,177.0,"cluster_0"
0.01360926,0.063781321,0.036363636,0.953488372,0.350869565,0.0,0.0,0.0,178.0,"cluster_1"
0.021746756,0.036446469,0.0,1.0,0.550909091,0.0,0.0,0.0,179.0,"cluster_1"
0.037670993,0.002277904,0.0,1.0,0.67,0.0,0.0,0.0,180.0,"cluster_1"
0.094633462,0.01594533,0.0,1.0,0.55776699,0.0,0.0,0.0,181.0,"cluster_1"
0.001823921,0.0,0.0,1.0,0.71,0.0,0.0,0.0,182.0,"cluster_1"
0.036197825,0.041002278,0.0,0.989690722,0.521,0.0,0.0,0.0,183.0,"cluster_1"
0.084742196,0.0,0.0,1.0,0.625,0.0,0.0,0.0,184.0,"cluster_1"
0.038933707,0.0,0.0,1.0,0.670787037,0.0,0.0,0.0,185.0,"cluster_1"
0.150333216,0.034168565,0.027272727,0.75,0.56325,2.66E-5,0.0,0.0,186.0,"cluster_1"
0.01704665,0.011389522,0.009090909,1.0,0.6084,0.0,0.0,0.0,187.0,"cluster_1"
0.139670291,0.0523918,0.0,0.930232558,0.42468254,0.0,0.0,0.0,188.0,"cluster_1"
0.005401613,0.009111617,0.0,0.8,0.86,0.0,0.0,0.0,189.0,"cluster_1"
0.100315679,0.006833713,0.0,0.9125,0.660465116,0.0,0.0,0.0,190.0,"cluster_1"
0.006032971,0.0,0.0,1.0,0.692218045,0.0,0.0,0.0,191.0,"cluster_1"
0.116801122,0.025056948,0.0,0.481132075,1.0,0.0,0.0,0.0,192.0,"cluster_1"
0.017467555,0.009111617,0.0,1.0,0.64,0.0,0.0,0.0,193.0,"cluster_1"
0.007435987,0.004555809,0.0,0.857142857,0.81,0.0,0.0,0.0,194.0,"cluster_1"
0.008207646,0.009111617,0.018181818,1.0,0.57,0.0,0.0,0.0,195.0,"cluster_1"
0.021816906,0.0,0.0,1.0,0.662241379,0.0,0.0,0.0,196.0,"cluster_1"
0.008839004,0.0,0.0,1.0,0.675,0.0,0.0,0.0,197.0,"cluster_1"
0.00933006,0.0,0.0,1.0,0.671818182,0.0,0.0,0.0,198.0,"cluster_1"
0.008137496,0.011389522,0.0,1.0,0.627068966,0.0,0.0,0.0,199.0,"cluster_1"
0.012697299,0.006833713,0.0,1.0,0.64,0.0,0.0,0.0,200.0,"cluster_1"
0.007225535,0.009111617,0.0,1.0,0.635882353,0.0,0.0,0.0,201.0,"cluster_1"
0.007786741,0.025056948,0.0,1.0,0.57,0.0,0.0,0.0,202.0,"cluster_1"
0.027428972,0.027334852,0.0,1.0,0.537378641,0.0,0.0,0.0,203.0,"cluster_1"
0.004770256,0.041002278,0.009090909,0.608695652,0.86,0.0,0.0,0.0,204.0,"cluster_1"
0.426236408,0.006833713,0.0,0.752873563,0.467155743,0.0,0.0,0.0,205.0,"cluster_1"
0.005261312,0.036446469,0.0,0.8125,0.71,0.0,0.0,0.0,206.0,"cluster_1"
0.019361627,0.0,0.0,0.789473684,0.86,0.0,0.0,0.0,207.0,"cluster_1"
0.057172922,0.113895216,0.018181818,0.608108108,0.43,0.020381277,0.0,0.0,208.0,"cluster_1"
0.017397404,0.011389522,0.0,0.689655172,0.903333333,0.0,0.0,0.0,209.0,"cluster_1"
0.007435987,0.018223235,0.0,1.0,0.57,0.0,0.0,0.0,210.0,"cluster_1"
0.056401263,0.077448747,0.0,0.708333333,0.574242424,0.0,0.0,0.0,211.0,"cluster_1"
0.092949842,0.0,0.0,0.555555556,1.0,0.0,0.0,0.0,212.0,"cluster_1"
0.010662925,0.002277904,0.0,0.916666667,0.712,0.0,0.0,0.0,213.0,"cluster_1"
0.001332866,0.0,0.0,1.0,0.645,0.0,0.0,0.0,214.0,"cluster_1"
0.013188355,0.0,0.0,1.0,0.632222222,0.0,0.0,0.0,215.0,"cluster_1"
0.073658365,0.0,0.0,1.0,0.57,0.0,0.0,0.0,216.0,"cluster_1"
0.048965275,0.022779043,0.027272727,1.0,0.376041667,0.008989866,0.0,0.0,217.0,"cluster_1"
0.002735882,0.004555809,0.0,1.0,0.620909091,0.0,0.0,0.0,218.0,"cluster_1"
0.008768853,0.004555809,0.0,1.0,0.612,0.0,0.0,0.0,219.0,"cluster_1"
0.029884251,0.004555809,0.009090909,1.0,0.55096,0.001354284,0.0,0.0,220.0,"cluster_1"
0.01704665,0.01594533,0.009090909,1.0,0.5196,3.01E-5,0.0,0.0,221.0,"cluster_1"
0.002034374,0.01594533,0.0,1.0,0.567333333,0.0,0.0,0.0,222.0,"cluster_1"
0.094843914,0.01594533,0.0,0.721804511,0.75,0.0,0.0,0.0,223.0,"cluster_1"
0.003016485,0.020501139,0.0,1.0,0.542,0.0,0.0,0.0,224.0,"cluster_1"
0.010382322,0.011389522,0.0,1.0,0.57,0.0,0.0,0.0,225.0,"cluster_1"
0.003016485,0.006833713,0.0,1.0,0.595,0.0,0.0,0.0,226.0,"cluster_1"
0.081024202,0.063781321,0.0,1.0,0.283073395,0.0,0.0,0.0,227.0,"cluster_1"
0.010452473,0.0,0.0,1.0,0.608181818,0.0,0.0,0.0,228.0,"cluster_1"
0.113644335,0.063781321,0.018181818,0.880597015,0.294819277,0.0,0.0,0.0,229.0,"cluster_1"
0.048684672,0.011389522,0.0,1.0,0.517027027,0.0,0.0,0.0,230.0,"cluster_1"
0.023149772,0.004555809,0.0,0.709677419,0.86,0.0,0.0,0.0,231.0,"cluster_1"
0.019361627,0.006833713,0.009090909,0.863636364,0.658,0.0,0.0,0.0,232.0,"cluster_1"
0.13188355,0.018223235,0.0,1.0,0.398515498,0.0,0.0,0.0,233.0,"cluster_1"
0.003297089,0.006833713,0.0,0.8,0.772,0.0,0.0,0.0,234.0,"cluster_1"
0.010312171,0.009111617,0.0,0.625,0.93,0.0,0.0,0.0,235.0,"cluster_1"
0.038653104,0.0,0.0,0.947368421,0.615681818,0.0,0.0,0.0,236.0,"cluster_1"
0.0,0.0,0.0,0.0,0.0,0.0,0.0,0.4,237.0,"cluster_0"
0.009961417,0.002277904,0.0,0.75,0.83,0.0,0.0,0.0,238.0,"cluster_1"
0.063767099,0.027334852,0.0,0.772727273,0.650606061,0.0,0.0,0.0,239.0,"cluster_1"
0.033742546,0.009111617,0.0,0.923076923,0.602307692,0.0,0.0,0.0,240.0,"cluster_1"
0.027358821,0.0,0.0,1.0,0.565307263,0.0,0.0,0.0,241.0,"cluster_1"
0.066222378,0.002277904,0.009090909,0.925925926,0.554444444,0.0,0.0,0.0,242.0,"cluster_1"
0.049456331,0.0,0.0,1.0,0.542,0.0,0.0,0.0,243.0,"cluster_1"
0.027148369,0.011389522,0.009090909,0.7375,0.743684211,0.0,0.0,0.0,244.0,"cluster_1"
0.010101719,0.027334852,0.009090909,0.821428571,0.613,0.0,0.0,0.0,245.0,"cluster_1"
0.019221326,0.0,0.0,1.0,0.569720559,0.0,0.0,0.0,246.0,"cluster_1"
0.038372501,0.013667426,0.0,1.0,0.495777778,0.0,0.0,0.0,247.0,"cluster_1"
0.018028762,0.0,0.0,1.0,0.57,0.0,0.0,0.0,248.0,"cluster_1"
0.005401613,0.002277904,0.0,1.0,0.57,0.0,0.0,0.0,249.0,"cluster_1"
0.045177131,0.047835991,0.027272727,0.726190476,0.505833333,0.001797113,0.0,0.0,250.0,"cluster_1"
0.011013679,0.0,0.0,1.0,0.57,0.0,0.0,0.0,251.0,"cluster_1"
0.038162048,0.0,0.0,0.846153846,0.696666667,0.0,0.0,0.0,252.0,"cluster_1"
0.010522624,0.0,0.0,1.0,0.57,0.0,0.0,0.0,253.0,"cluster_1"
0.02293932,0.109339408,0.0,0.811320755,0.3018,0.0,0.0,0.0,254.0,"cluster_1"
0.001964223,0.0,0.0,1.0,0.57,0.0,0.0,0.0,255.0,"cluster_1"
0.001052262,0.0,0.0,1.0,0.57,0.0,0.0,0.0,256.0,"cluster_1"
0.144370396,0.004555809,0.009090909,0.828070175,0.539404389,0.0,0.0,0.0,257.0,"cluster_1"
0.023640828,0.0,0.0,1.0,0.542,0.0,0.0,0.0,258.0,"cluster_1"
0.007856892,0.0,0.0,0.823529412,0.732857143,0.0,0.0,0.0,259.0,"cluster_1"
0.031357418,0.038724374,0.0,0.923076923,0.45,0.0,0.0,0.0,260.0,"cluster_1"
0.081515258,0.011389522,0.0,0.828125,0.6036,0.0,0.0,0.0,261.0,"cluster_1"
0.002946335,0.013667426,0.009090909,0.954545455,0.43,0.038177912,0.0,0.0,262.0,"cluster_1"
0.015012276,0.011389522,0.0,0.923076923,0.57,0.0,0.0,0.0,263.0,"cluster_1"
0.057102771,0.077448747,0.018181818,0.746478873,0.366157989,0.0,0.0,0.0,264.0,"cluster_1"
0.002104525,0.0,0.0,1.0,0.546666667,0.0,0.0,0.0,265.0,"cluster_1"
0.003016485,0.004555809,0.0,0.666666667,0.86,0.0,0.0,0.0,266.0,"cluster_1"
0.012136093,0.0,0.0,0.888888889,0.646,0.0,0.0,0.0,267.0,"cluster_1"
0.008418099,0.020501139,0.009090909,0.888888889,0.528,0.0,0.0,0.0,268.0,"cluster_1"
0.014942126,0.031890661,0.0,1.0,0.400434783,0.0,0.0,0.0,269.0,"cluster_1"
0.044966678,0.070615034,0.009090909,0.625766871,0.55,0.0,0.0,0.0,270.0,"cluster_1"
0.044124868,0.013667426,0.0,0.978723404,0.458823529,0.0,0.0,0.0,271.0,"cluster_1"
0.003647843,0.004555809,0.0,0.8,0.71,0.0,0.0,0.0,272.0,"cluster_1"
0.041178534,0.002277904,0.0,0.875,0.599675994,0.0,0.0,0.0,273.0,"cluster_1"
0.012627148,0.0,0.0,0.916666667,0.593333333,0.0,0.0,0.0,274.0,"cluster_1"
0.011574886,0.0,0.0,0.8,0.71,0.0,0.0,0.0,275.0,"cluster_1"
0.017327254,0.004555809,0.0,1.0,0.484782609,0.0,0.0,0.0,276.0,"cluster_1"
0.009610663,0.0,0.0,0.647058824,0.86,0.0,0.0,0.0,277.0,"cluster_1"
0.035566468,0.009111617,0.0,0.888888889,0.553958333,0.0,0.0,0.0,278.0,"cluster_1"
0.018870572,0.025056948,0.0,0.658536585,0.731428571,0.0,0.0,0.0,279.0,"cluster_1"
0.026797615,0.006833713,0.018181818,1.0,0.375795454,0.0,0.0,0.0,280.0,"cluster_1"
0.012977902,0.0,0.0,1.0,0.486,0.0,0.0,0.0,281.0,"cluster_1"
0.013679411,0.022779043,0.0,1.0,0.389354839,0.0,0.0,0.0,282.0,"cluster_1"
0.017116801,0.0,0.0,0.833333333,0.6435,0.0,0.0,0.0,283.0,"cluster_1"
0.127253595,0.050113895,0.0,0.595505618,0.57,0.0,0.0,0.0,284.0,"cluster_1"
0.026937917,0.004555809,0.009090909,0.666666667,0.736666667,3.01E-5,0.0,0.0,285.0,"cluster_1"
0.061732725,0.002277904,0.0,0.5,0.913730769,0.0,0.0,0.0,286.0,"cluster_1"
0.004629954,0.011389522,0.0,1.0,0.43,0.0,0.0,0.0,287.0,"cluster_1"
0.006243423,0.009111617,0.009090909,0.888888889,0.492777778,0.009243526,0.0,0.0,288.0,"cluster_1"
0.001192564,0.006833713,0.0,0.875,0.57,0.0,0.0,0.0,289.0,"cluster_1"
0.001894072,0.004555809,0.0,1.0,0.453333333,0.0,0.0,0.0,290.0,"cluster_1"
0.003016485,0.0,0.0,0.9,0.57,0.0,0.0,0.0,291.0,"cluster_1"
0.021536303,0.013667426,0.009090909,0.869565217,0.49,0.0,0.0,0.0,292.0,"cluster_1"
0.038933707,0.0,0.0,1.0,0.43,0.0,0.0,0.0,293.0,"cluster_1"
0.071904595,0.066059226,0.027272727,0.413249211,0.303896104,0.033260426,0.04,0.0,294.0,"cluster_0"
0.049105577,0.0,0.0,0.675,0.744230769,0.0,0.0,0.0,295.0,"cluster_1"
0.007085233,0.009111617,0.0,0.7,0.723846154,0.0,0.0,0.0,296.0,"cluster_1"
0.058505787,0.002277904,0.0,0.823529412,0.576086957,0.0,0.0,0.0,297.0,"cluster_1"
0.008347948,0.038724374,0.009090909,0.607843137,0.656,3.52E-5,0.0,0.0,298.0,"cluster_1"
0.011153981,0.0,0.0,1.0,0.444583333,0.0,0.0,0.0,299.0,"cluster_1"
0.004209049,0.0,0.0,0.9,0.55,0.0,0.0,0.0,300.0,"cluster_1"
0.007295686,0.0,0.0,0.875,0.57,0.0,0.0,0.0,301.0,"cluster_1"
0.00168362,0.009111617,0.0,1.0,0.404545455,0.0,0.0,0.0,302.0,"cluster_1"
0.01276745,0.0,0.0,1.0,0.428666667,0.0,0.0,0.0,303.0,"cluster_1"
0.002806033,0.002277904,0.0,0.833333333,0.591428571,0.0,0.0,0.0,304.0,"cluster_1"
0.069449316,0.0,0.0,0.454545455,0.912615385,0.0,0.0,0.0,305.0,"cluster_3"
0.01017187,0.013667426,0.009090909,0.75,0.58,0.0,0.0,0.0,306.0,"cluster_1"
0.002034374,0.0,0.0,0.857142857,0.57,0.0,0.0,0.0,307.0,"cluster_1"
0.070150824,0.0,0.0,0.967391304,0.389473684,0.0,0.0,0.0,308.0,"cluster_1"
0.031567871,0.095671982,0.018181818,0.387596899,0.53,0.010232368,0.0,0.0,309.0,"cluster_3"
0.083128727,0.0523918,0.018181818,0.748502994,0.310813954,0.0,0.0,0.0,310.0,"cluster_1"
0.08684672,0.059225513,0.0,0.666666667,0.43,0.0,0.0,0.0,311.0,"cluster_1"
0.014871975,0.0,0.0,0.545454545,0.86,0.0,0.0,0.0,312.0,"cluster_1"
0.011153981,0.020501139,0.009090909,1.0,0.289545455,0.0,0.0,0.0,313.0,"cluster_1"
0.011574886,0.0,0.0,0.833333333,0.57,0.0,0.0,0.0,314.0,"cluster_1"
0.005892669,0.0,0.0,1.0,0.404452555,0.0,0.0,0.0,315.0,"cluster_1"
0.056260961,0.009111617,0.0,0.888324873,0.429171598,0.0,0.0,0.0,316.0,"cluster_1"
0.001823921,0.0,0.0,0.833333333,0.560277778,0.0,0.0,0.0,317.0,"cluster_1"
0.010522624,0.0,0.0,0.857142857,0.526666667,0.0,0.0,0.0,318.0,"cluster_1"
0.021396001,0.022779043,0.009090909,0.583333333,0.658148148,6.92774E-4,0.0,0.0,319.0,"cluster_1"
0.003577692,0.0,0.0,0.6,0.785,0.0,0.0,0.0,320.0,"cluster_1"
0.012065942,0.011389522,0.0,0.466666667,0.86,0.0,0.0,0.0,321.0,"cluster_1"
0.028621536,0.011389522,0.0,0.85,0.459285714,0.0,0.0,0.0,322.0,"cluster_1"
0.050368292,0.0,0.0,0.9375,0.394263566,0.0,0.0,0.0,323.0,"cluster_1"
0.041529288,0.020501139,0.045454545,0.717105263,0.348039216,0.005235705,0.0,0.0,324.0,"cluster_1"
0.005892669,0.01594533,0.045454545,0.7,0.410909091,0.0,0.0,0.0,325.0,"cluster_1"
0.012486847,0.0,0.0,0.4,0.9475,0.0,0.0,0.0,326.0,"cluster_3"
0.029252894,0.0,0.0,0.777777778,0.55,0.0,0.0,0.0,327.0,"cluster_1"
0.004700105,0.020501139,0.0,0.619047619,0.45,0.0,0.0332,0.0,328.0,"cluster_1"
0.025324448,0.009111617,0.0,1.0,0.292916667,0.0,0.0,0.0,329.0,"cluster_1"
0.010382322,0.002277904,0.0,1.0,0.326296296,0.0,0.0,0.0,330.0,"cluster_1"
0.002806033,0.0,0.0,0.769230769,0.57,0.0,0.0,0.0,331.0,"cluster_1"
0.057243073,0.06833713,0.018181818,0.623853211,0.302307692,0.004933463,0.0,0.0,332.0,"cluster_1"
0.049596633,0.047835991,0.0,0.547945205,0.538461539,0.0,0.0,0.0,333.0,"cluster_1"
0.052262364,0.120728929,0.0,0.516363636,0.274143646,0.0,0.0,0.0,334.0,"cluster_1"
0.010522624,0.006833713,0.0,0.714285714,0.57,0.0,0.0,0.0,335.0,"cluster_1"
0.018239214,0.002277904,0.0,0.588235294,0.686666667,0.0,0.0,0.0,336.0,"cluster_1"
0.043493511,0.006833713,0.0,0.704081633,0.519275362,0.0,0.0,0.0,337.0,"cluster_1"
0.195580498,0.0,0.0,0.570469799,0.5240625,0.0,0.0,0.0,338.0,"cluster_1"
0.008628551,0.006833713,0.0,0.833333333,0.420666667,0.0,0.0,0.0,339.0,"cluster_1"
0.004910558,0.004555809,0.009090909,0.75,0.476666667,0.0,0.0,0.0,340.0,"cluster_1"
0.024552788,0.004555809,0.0,0.666666667,0.57,0.0,0.0,0.0,341.0,"cluster_1"
0.002806033,0.036446469,0.0,0.653846154,0.476666667,0.0,0.0,0.0,342.0,"cluster_1"
0.004700105,0.0,0.0,1.0,0.271111111,0.0,0.0,0.0,343.0,"cluster_1"
0.004349351,0.0,0.0,0.7,0.57,0.0,0.0,0.0,344.0,"cluster_1"
0.003788145,0.0,0.0,0.7,0.57,0.0,0.0,0.0,345.0,"cluster_1"
0.02721852,0.009111617,0.009090909,0.791666667,0.3812,0.0,0.0,0.0,346.0,"cluster_1"
0.026025956,0.002277904,0.0,0.942708333,0.291494253,0.0,0.0,0.0,347.0,"cluster_1"
0.032409681,0.045558087,0.009090909,0.639344262,0.368127854,0.0,0.0,0.0,348.0,"cluster_1"
0.055910207,0.0,0.0,0.2,1.0,0.0,0.0,0.0,349.0,"cluster_3"
0.025184146,0.0,0.0,0.555555556,0.671428571,0.0,0.0,0.0,350.0,"cluster_1"
0.010522624,0.0,0.0,0.666666667,0.57,0.0,0.0,0.0,351.0,"cluster_1"
0.003156787,0.002277904,0.0,0.952380952,0.275365854,0.0,0.0,0.0,352.0,"cluster_1"
0.00252543,0.002277904,0.009090909,0.714285714,0.476666667,0.0,0.0,0.0,353.0,"cluster_1"
0.002034374,0.006833713,0.009090909,0.875,0.29,0.002201249,0.0,0.0,354.0,"cluster_1"
0.025464749,0.0,0.0,0.636363636,0.565625,0.0,0.0,0.0,355.0,"cluster_1"
0.00336724,0.002277904,0.0,0.5,0.71,0.0,0.0,0.0,356.0,"cluster_1"
0.009610663,0.0,0.0,0.2,1.0,0.0,0.0,0.0,357.0,"cluster_3"
0.001964223,0.0,0.0,0.7,0.5,0.0,0.0,0.0,358.0,"cluster_1"
0.01192564,0.002277904,0.0,0.375,0.7925,0.0,0.0,0.0,359.0,"cluster_3"
0.013960014,0.0,0.0,0.291666667,0.872727273,0.0,0.0,0.0,360.0,"cluster_3"
0.00764644,0.0,0.0,0.6,0.57,0.0,0.0,0.0,361.0,"cluster_1"
0.014030165,0.0,0.0,0.733333333,0.43,0.0,0.0,0.0,362.0,"cluster_1"
0.372079972,0.034168565,0.0,0.317241379,0.329841521,0.0,0.0,0.0,363.0,"cluster_0"
0.014731673,0.0,0.0,0.428571429,0.711111111,0.0,0.0,0.0,364.0,"cluster_3"
0.005752368,0.0,0.0,0.857142857,0.287654321,0.0,0.0,0.0,365.0,"cluster_1"
0.160294633,0.050113895,0.018181818,0.381147541,0.334441524,0.0,0.0,0.0,366.0,"cluster_0"
0.005050859,0.004555809,0.0,0.6,0.523333333,0.0,0.0,0.0,367.0,"cluster_1"
0.01024202,0.002277904,0.0,0.678571429,0.448421053,0.0,0.0,0.0,368.0,"cluster_1"
0.006944932,0.006833713,0.0,0.666666667,0.442941177,0.0,0.0,0.0,369.0,"cluster_1"
0.007225535,0.0,0.0,0.571428571,0.562631579,0.0,0.0,0.0,370.0,"cluster_1"
0.009470361,0.0,0.0,0.4,0.73,0.0,0.0,0.0,371.0,"cluster_3"
0.018449667,0.0,0.0,0.142857143,0.976666667,0.0,0.0,0.0,372.0,"cluster_3"
0.039284462,0.0,0.0,0.2,0.897857143,0.0,0.0,0.0,373.0,"cluster_3"
0.003717994,0.013667426,0.0,0.769230769,0.3,0.0,0.0,0.0,374.0,"cluster_1"
0.008347948,0.0,0.0,0.380952381,0.732857143,0.0,0.0,0.0,375.0,"cluster_3"
0.008067345,0.011389522,0.0,0.457142857,0.608181818,0.0,0.0,0.0,376.0,"cluster_1"
0.016906349,0.002277904,0.0,0.571428571,0.52,0.0,0.0,0.0,377.0,"cluster_1"
0.006383725,0.0,0.0,0.4,0.71,0.0,0.0,0.0,378.0,"cluster_3"
0.011224132,0.004555809,0.0,0.0,0.43,0.0,0.109266667,0.0,379.0,"cluster_0"
0.008347948,0.004555809,0.0,0.666666667,0.402,0.0,0.0,0.0,380.0,"cluster_1"
0.012276394,0.009111617,0.0,0.384615385,0.654,0.0,0.0,0.0,381.0,"cluster_3"
0.051841459,0.013667426,0.0,0.340909091,0.638285714,0.0,0.0,0.0,382.0,"cluster_3"
0.180217468,0.059225513,0.009090909,0.289644013,0.322283814,0.002311311,0.0,0.0,383.0,"cluster_0"
0.003086636,0.0,0.0,0.375,0.682,0.0,0.0,0.0,384.0,"cluster_3"
0.004209049,0.002277904,0.0,0.5,0.545652174,0.0,0.0,0.0,385.0,"cluster_1"
0.01024202,0.018223235,0.0,0.545454545,0.43,0.0,0.0,0.0,386.0,"cluster_1"
0.027990179,0.002277904,0.009090909,0.414634146,0.57,0.0,0.0,0.0,387.0,"cluster_3"
0.003507541,0.002277904,0.0,0.473684211,0.57,0.0,0.0,0.0,388.0,"cluster_1"
0.020343739,0.011389522,0.0,0.425,0.557826087,0.0,0.0,0.0,389.0,"cluster_3"
0.008067345,0.0,0.0,0.5,0.54,0.0,0.0,0.0,390.0,"cluster_1"
0.118835496,0.0,0.0,0.068965517,0.857058824,0.0,0.0,0.0,391.0,"cluster_3"
0.032199228,0.0,0.0,0.0,1.0,0.0,0.0,0.0,392.0,"cluster_3"
9.82112E-4,0.0,0.0,0.6,0.43,0.0,0.0,0.0,393.0,"cluster_1"
0.030515609,0.0,0.0,0.0,1.0,0.0,0.0,0.0,394.0,"cluster_3"
0.003507541,0.0,0.0,0.5,0.523333333,0.0,0.0,0.0,395.0,"cluster_1"
0.025184146,0.0,0.0,0.0,1.0,0.0,0.0,0.0,396.0,"cluster_3"
0.004349351,0.004555809,0.0,0.0,1.0,0.0,0.0,0.0,397.0,"cluster_3"
0.004209049,0.004555809,0.0,0.0,1.0,0.0,0.0,0.0,398.0,"cluster_3"
0.019081024,0.0,0.0,0.0,1.0,0.0,0.0,0.0,399.0,"cluster_3"
0.007786741,0.0,0.0,0.571428571,0.43875,0.0,0.0,0.0,400.0,"cluster_1"
0.017818309,0.0,0.0,0.0,1.0,0.0,0.0,0.0,401.0,"cluster_3"
0.015082427,0.0,0.0,0.0,1.0,0.0,0.0,0.0,402.0,"cluster_3"
0.014100316,0.0,0.0,0.0,1.0,0.0,0.0,0.0,403.0,"cluster_3"
0.011645037,0.0,0.0,0.0,1.0,0.0,0.0,0.0,404.0,"cluster_3"
0.002314977,0.002277904,0.0,0.0,1.0,0.0,0.0,0.0,405.0,"cluster_3"
0.01024202,0.0,0.0,0.0,0.998679245,0.0,0.0,0.0,406.0,"cluster_3"
0.008418099,0.0,0.0,0.0,1.0,0.0,0.0,0.0,407.0,"cluster_3"
0.006453876,0.0,0.0,0.0,1.0,0.0,0.0,0.0,408.0,"cluster_3"
0.009470361,0.006833713,0.009090909,0.5,0.43,9.37251E-4,0.0,0.0,409.0,"cluster_1"
0.003016485,0.0,0.0,0.0,1.0,0.0,0.0,0.0,410.0,"cluster_3"
0.002876184,0.0,0.0,0.0,1.0,0.0,0.0,0.0,411.0,"cluster_3"
0.002314977,0.0,0.0,0.0,1.0,0.0,0.0,0.0,412.0,"cluster_3"
0.001543318,0.0,0.0,0.0,1.0,0.0,0.0,0.0,413.0,"cluster_3"
7.71659E-4,0.0,0.0,0.0,1.0,0.0,0.0,0.0,414.0,"cluster_3"
1.40302E-4,0.0,0.0,0.0,1.0,0.0,0.0,0.0,415.0,"cluster_3"
1.40302E-4,0.0,0.0,0.0,1.0,0.0,0.0,0.0,416.0,"cluster_3"
0.0,0.0,0.0,0.0,1.0,0.0,0.0,0.0,417.0,"cluster_3"
0.0,0.0,0.0,0.0,1.0,0.0,0.0,0.0,418.0,"cluster_3"
0.0,0.0,0.0,0.0,1.0,0.0,0.0,0.0,419.0,"cluster_3"
0.0,0.0,0.0,0.0,1.0,0.0,0.0,0.0,420.0,"cluster_3"
0.0,0.0,0.0,0.0,1.0,0.0,0.0,0.0,421.0,"cluster_3"
0.007786741,0.002277904,0.0,0.272727273,0.71,0.0,0.0,0.0,422.0,"cluster_3"
9.11961E-4,0.0,0.0,0.6,0.383333333,0.0,0.0,0.0,423.0,"cluster_1"
0.006524027,0.0,0.0,0.0,0.974545455,0.0,0.0,0.0,424.0,"cluster_3"
0.016906349,0.004555809,0.0,0.583333333,0.361,0.0,0.0,0.0,425.0,"cluster_1"
0.009540512,0.027334852,0.0,0.395061728,0.462307692,0.0,0.0,0.0,426.0,"cluster_3"
4.20905E-4,0.002277904,0.009090909,0.0,0.93,6.88E-6,0.0,0.0,427.0,"cluster_3"
0.015082427,0.0,0.0,0.272727273,0.686666667,0.0,0.0,0.0,428.0,"cluster_3"
0.018449667,0.011389522,0.0,0.458333333,0.45,0.0,0.0,0.0,429.0,"cluster_1"
0.027920028,0.0,0.0,0.505747126,0.437368421,0.0,0.0,0.0,430.0,"cluster_1"
0.010592774,0.0,0.0,0.25,0.71,0.0,0.0,0.0,431.0,"cluster_3"
0.022307962,0.020501139,0.0,0.30075188,0.565,0.0,0.0,0.0,432.0,"cluster_3"
0.020694493,0.0,0.0,0.0,0.942666667,0.0,0.0,0.0,433.0,"cluster_3"
0.012346545,0.004555809,0.018181818,0.0,0.86,5.72E-6,0.0,0.0,434.0,"cluster_3"
0.00940021,0.0,0.0,0.5,0.453773585,0.0,0.0,0.0,435.0,"cluster_1"
0.037320239,0.0,0.0,0.057142857,0.860597826,0.0,0.0,0.0,436.0,"cluster_3"
0.0,0.0,0.0,0.0,0.953333333,0.0,0.0,0.0,437.0,"cluster_3"
0.0,0.0,0.0,0.0,0.953333333,0.0,0.0,0.0,438.0,"cluster_3"
0.04594879,0.002277904,0.0,0.340807175,0.550555556,0.0,0.0,0.0,439.0,"cluster_3"
0.005612066,0.0,0.0,0.230769231,0.71,0.0,0.0,0.0,440.0,"cluster_3"
0.011645037,0.009111617,0.009090909,0.0,0.86,6.66E-5,0.0,0.0,441.0,"cluster_3"
0.005541915,0.0,0.0,0.294117647,0.64,0.0,0.0,0.0,442.0,"cluster_3"
0.046159242,0.020501139,0.0,0.295180723,0.515217391,0.0,0.0,0.0,443.0,"cluster_3"
0.032409681,0.0,0.0,0.058823529,0.846153846,0.0,0.0,0.0,444.0,"cluster_3"
0.002876184,0.0,0.0,0.0,0.93,0.0,0.0,0.0,445.0,"cluster_3"
0.00933006,0.022779043,0.009090909,0.272727273,0.523333333,0.0,0.0,0.0,446.0,"cluster_3"
0.002314977,0.0,0.0,0.0,0.93,0.0,0.0,0.0,447.0,"cluster_3"
0.001403016,0.006833713,0.0,0.333333333,0.57,0.0,0.0,0.0,448.0,"cluster_3"
0.001262715,0.0,0.0,0.0,0.93,0.0,0.0,0.0,449.0,"cluster_3"
0.0,0.0,0.0,0.0,0.93,0.0,0.0,0.0,450.0,"cluster_3"
0.023781129,0.011389522,0.0,0.296296296,0.556,0.0,0.0,0.0,451.0,"cluster_3"
0.001473167,0.0,0.0,0.25,0.67,0.0,0.0,0.0,452.0,"cluster_3"
0.004700105,0.0,0.0,0.0,0.914,0.0,0.0,0.0,453.0,"cluster_3"
0.019291477,0.0,0.0,0.444444444,0.453333333,0.0,0.0,0.0,454.0,"cluster_1"
0.14472115,0.01594533,0.0,0.274074074,0.43243553,0.0,0.0,0.0,455.0,"cluster_0"
0.0042792,0.0,0.0,0.2,0.71,0.0,0.0,0.0,456.0,"cluster_3"
0.004138899,0.0,0.0,0.2,0.71,0.0,0.0,0.0,457.0,"cluster_3"
0.009961417,0.0,0.0,0.333333333,0.57,0.0,0.0,0.0,458.0,"cluster_3"
0.007927043,0.0,0.0,0.428571429,0.476666667,0.0,0.0,0.0,459.0,"cluster_1"
0.002455279,0.0,0.0,0.0,0.905555556,0.0,0.0,0.0,460.0,"cluster_3"
0.0,0.0,0.0,0.0,0.906666667,0.0,0.0,0.0,461.0,"cluster_3"
0.008839004,0.0,0.0,0.0,0.894166667,0.0,0.0,0.0,462.0,"cluster_3"
0.032549982,0.009111617,0.009090909,0.4,0.390886076,8.98557E-4,0.0,0.0,463.0,"cluster_0"
0.012206243,0.0,0.0,0.1,0.785833333,0.0,0.0,0.0,464.0,"cluster_3"
0.021185549,0.0,0.0,0.578125,0.29254902,0.0,0.0,0.0,465.0,"cluster_1"
0.001403016,0.0,0.0,0.0,0.89,0.0,0.0,0.0,466.0,"cluster_3"
0.025675202,0.0,0.0,0.210526316,0.652352941,0.0,0.0,0.0,467.0,"cluster_3"
0.004840407,0.002277904,0.009090909,0.0,0.835,0.0,0.0,0.0,468.0,"cluster_3"
0.001894072,0.0,0.0,0.0,0.883333333,0.0,0.0,0.0,469.0,"cluster_3"
0.011715188,0.002277904,0.0,0.0,0.86,0.0,0.0,0.0,470.0,"cluster_3"
0.019852683,0.0,0.0,0.0,0.86,0.0,0.0,0.0,471.0,"cluster_3"
0.017257103,0.0,0.0,0.0,0.86,0.0,0.0,0.0,472.0,"cluster_3"
0.003647843,0.006833713,0.0,0.0,0.842777778,0.0,0.0,0.0,473.0,"cluster_3"
0.00933006,0.0,0.0,0.153846154,0.71,0.0,0.0,0.0,474.0,"cluster_3"
0.006874781,0.002277904,0.0,0.333333333,0.523333333,0.0,0.0,0.0,475.0,"cluster_3"
0.011294283,0.0,0.0,0.0,0.86,0.0,0.0,0.0,476.0,"cluster_3"
0.010522624,0.004555809,0.0,0.555555556,0.286363636,0.0,0.0,0.0,477.0,"cluster_1"
0.005752368,0.0,0.0,0.0,0.864418605,0.0,0.0,0.0,478.0,"cluster_3"
0.009680814,0.0,0.0,0.0,0.86,0.0,0.0,0.0,479.0,"cluster_3"
0.009470361,0.0,0.0,0.0,0.86,0.0,0.0,0.0,480.0,"cluster_3"
0.002174676,0.0,0.0,0.25,0.616666667,0.0,0.0,0.0,481.0,"cluster_3"
0.008628551,0.0,0.0,0.0,0.86,0.0,0.0,0.0,482.0,"cluster_3"
0.008418099,0.0,0.0,0.0,0.86,0.0,0.0,0.0,483.0,"cluster_3"
0.007435987,0.0,0.0,0.0,0.86,0.0,0.0,0.0,484.0,"cluster_3"
0.007085233,0.0,0.0,0.0,0.86,0.0,0.0,0.0,485.0,"cluster_3"
0.006032971,0.0,0.0,0.0,0.86,0.0,0.0,0.0,486.0,"cluster_3"
0.004489653,0.0,0.0,0.0,0.86,0.0,0.0,0.0,487.0,"cluster_3"
0.003998597,0.0,0.0,0.0,0.86,0.0,0.0,0.0,488.0,"cluster_3"
0.00343739,0.0,0.0,0.0,0.86,0.0,0.0,0.0,489.0,"cluster_3"
0.00343739,0.0,0.0,0.0,0.86,0.0,0.0,0.0,490.0,"cluster_3"
0.002665731,0.0,0.0,0.0,0.86,0.0,0.0,0.0,491.0,"cluster_3"
0.00252543,0.0,0.0,0.0,0.86,0.0,0.0,0.0,492.0,"cluster_3"
0.002455279,0.0,0.0,0.0,0.86,0.0,0.0,0.0,493.0,"cluster_3"
0.002314977,0.0,0.0,0.0,0.86,0.0,0.0,0.0,494.0,"cluster_3"
0.001473167,0.0,0.0,0.0,0.86,0.0,0.0,0.0,495.0,"cluster_3"
0.001332866,0.0,0.0,0.0,0.86,0.0,0.0,0.0,496.0,"cluster_3"
0.001262715,0.0,0.0,0.0,0.86,0.0,0.0,0.0,497.0,"cluster_3"
0.043914416,0.009111617,0.0,0.382352941,0.398534483,0.0,0.0,0.0,498.0,"cluster_0"
0.001052262,0.0,0.0,0.0,0.86,0.0,0.0,0.0,499.0,"cluster_3"
9.11961E-4,0.0,0.0,0.0,0.86,0.0,0.0,0.0,500.0,"cluster_3"
6.31357E-4,0.0,0.0,0.0,0.86,0.0,0.0,0.0,501.0,"cluster_3"
5.61207E-4,0.0,0.0,0.0,0.86,0.0,0.0,0.0,502.0,"cluster_3"
5.61207E-4,0.0,0.0,0.0,0.86,0.0,0.0,0.0,503.0,"cluster_3"
4.91056E-4,0.0,0.0,0.0,0.86,0.0,0.0,0.0,504.0,"cluster_3"
4.91056E-4,0.0,0.0,0.0,0.86,0.0,0.0,0.0,505.0,"cluster_3"
4.20905E-4,0.0,0.0,0.0,0.86,0.0,0.0,0.0,506.0,"cluster_3"
4.20905E-4,0.0,0.0,0.0,0.86,0.0,0.0,0.0,507.0,"cluster_3"
4.20905E-4,0.0,0.0,0.0,0.86,0.0,0.0,0.0,508.0,"cluster_3"
3.50754E-4,0.0,0.0,0.0,0.86,0.0,0.0,0.0,509.0,"cluster_3"
2.80603E-4,0.0,0.0,0.0,0.86,0.0,0.0,0.0,510.0,"cluster_3"
0.0,0.0,0.0,0.0,0.86,0.0,0.0,0.0,511.0,"cluster_3"
0.0,0.0,0.0,0.0,0.86,0.0,0.0,0.0,512.0,"cluster_3"
0.0,0.0,0.0,0.0,0.86,0.0,0.0,0.0,513.0,"cluster_3"
0.0,0.0,0.0,0.0,0.86,0.0,0.0,0.0,514.0,"cluster_3"
0.0,0.0,0.0,0.0,0.86,0.0,0.0,0.0,515.0,"cluster_3"
0.0,0.0,0.0,0.0,0.86,0.0,0.0,0.0,516.0,"cluster_3"
0.0,0.0,0.0,0.0,0.86,0.0,0.0,0.0,517.0,"cluster_3"
0.0,0.0,0.0,0.0,0.86,0.0,0.0,0.0,518.0,"cluster_3"
0.0,0.0,0.0,0.0,0.86,0.0,0.0,0.0,519.0,"cluster_3"
0.0,0.0,0.0,0.0,0.86,0.0,0.0,0.0,520.0,"cluster_3"
0.0,0.0,0.0,0.0,0.86,0.0,0.0,0.0,521.0,"cluster_3"
0.0,0.0,0.0,0.0,0.86,0.0,0.0,0.0,522.0,"cluster_3"
0.0,0.0,0.0,0.0,0.86,0.0,0.0,0.0,523.0,"cluster_3"
0.0,0.0,0.0,0.0,0.86,0.0,0.0,0.0,524.0,"cluster_3"
0.0,0.0,0.0,0.0,0.86,0.0,0.0,0.0,525.0,"cluster_3"
0.0,0.0,0.0,0.0,0.86,0.0,0.0,0.0,526.0,"cluster_3"
0.0,0.0,0.0,0.0,0.86,0.0,0.0,0.0,527.0,"cluster_3"
0.0,0.0,0.0,0.0,0.86,0.0,0.0,0.0,528.0,"cluster_3"
0.0,0.0,0.0,0.0,0.86,0.0,0.0,0.0,529.0,"cluster_3"
0.0,0.0,0.0,0.0,0.86,0.0,0.0,0.0,530.0,"cluster_3"
0.0,0.0,0.0,0.0,0.86,0.0,0.0,0.0,531.0,"cluster_3"
0.0,0.0,0.0,0.0,0.86,0.0,0.0,0.0,532.0,"cluster_3"
0.0,0.0,0.0,0.0,0.86,0.0,0.0,0.0,533.0,"cluster_3"
0.0,0.0,0.0,0.0,0.86,0.0,0.0,0.0,534.0,"cluster_3"
0.0,0.0,0.0,0.0,0.86,0.0,0.0,0.0,535.0,"cluster_3"
0.0,0.0,0.0,0.0,0.86,0.0,0.0,0.0,536.0,"cluster_3"
0.0,0.0,0.0,0.0,0.86,0.0,0.0,0.0,537.0,"cluster_3"
0.0,0.0,0.0,0.0,0.86,0.0,0.0,0.0,538.0,"cluster_3"
0.0,0.0,0.0,0.0,0.86,0.0,0.0,0.0,539.0,"cluster_3"
0.0,0.0,0.0,0.0,0.86,0.0,0.0,0.0,540.0,"cluster_3"
0.0,0.0,0.0,0.0,0.86,0.0,0.0,0.0,541.0,"cluster_3"
0.0,0.0,0.0,0.0,0.86,0.0,0.0,0.0,542.0,"cluster_3"
0.0,0.0,0.0,0.0,0.86,0.0,0.0,0.0,543.0,"cluster_3"
0.0,0.0,0.0,0.0,0.86,0.0,0.0,0.0,544.0,"cluster_3"
0.0,0.0,0.0,0.0,0.86,0.0,0.0,0.0,545.0,"cluster_3"
0.0,0.0,0.0,0.0,0.86,0.0,0.0,0.0,546.0,"cluster_3"
0.003156787,0.0,0.0,0.0,0.856666667,0.0,0.0,0.0,547.0,"cluster_3"
0.003297089,0.0,0.0,0.0,0.855,0.0,0.0,0.0,548.0,"cluster_3"
0.004209049,0.0,0.0,0.375,0.477737705,0.0,0.0,0.0,549.0,"cluster_3"
0.014591371,0.006833713,0.0,0.0,0.81,0.0,0.0,0.0,550.0,"cluster_3"
0.016064539,0.01594533,0.0,0.25,0.518,0.0,0.0,0.0,551.0,"cluster_3"
0.003016485,0.0,0.0,0.0,0.843333333,0.0,0.0,0.0,552.0,"cluster_3"
0.001192564,0.0,0.0,0.0,0.84,0.0,0.0,0.0,553.0,"cluster_3"
0.009470361,0.0,0.0,0.411764706,0.419230769,0.0,0.0,0.0,554.0,"cluster_0"
0.004068748,0.0,0.0,0.0,0.835714286,0.0,0.0,0.0,555.0,"cluster_3"
0.014240617,0.0,0.0,0.111111111,0.71,0.0,0.0,0.0,556.0,"cluster_3"
0.0,0.0,0.0,0.0,0.835,0.0,0.0,0.0,557.0,"cluster_3"
0.001894072,0.0,0.0,0.0,0.83,0.0,0.0,0.0,558.0,"cluster_3"
0.061873027,0.0,0.0,0.055555556,0.71,0.0,0.0,0.0,559.0,"cluster_3"
8.4181E-4,0.0,0.0,0.461538462,0.36,0.0,0.0,0.0,560.0,"cluster_0"
0.006524027,0.006833713,0.0,0.25,0.535,0.0,0.0,0.0,561.0,"cluster_3"
0.072746405,0.0,0.0,0.24,0.506027397,0.0,0.0,0.0,562.0,"cluster_3"
0.001403016,0.0,0.0,0.0,0.817142857,0.0,0.0,0.0,563.0,"cluster_3"
0.029042441,0.009111617,0.0,0.291666667,0.457380952,0.0,0.0,0.0,564.0,"cluster_3"
0.0,0.0,0.0,0.0,0.81,0.0,0.0,0.0,565.0,"cluster_3"
0.003016485,0.0,0.0,0.166666667,0.64,0.0,0.0,0.0,566.0,"cluster_3"
0.043984567,0.002277904,0.0,0.0,0.754285714,0.0,0.0,0.0,567.0,"cluster_3"
0.003156787,0.004555809,0.0,0.0,0.785,0.0,0.0,0.0,568.0,"cluster_3"
0.004700105,0.0,0.0,0.0,0.8,0.0,0.0,0.0,569.0,"cluster_3"
0.0,0.0,0.0,0.0,0.804545455,0.0,0.0,0.0,570.0,"cluster_3"
0.014661522,0.006833713,0.0,0.25,0.511407407,0.0,0.0,0.0,571.0,"cluster_3"
0.003156787,0.002277904,0.0,0.3125,0.476666667,0.0,0.0,0.0,572.0,"cluster_3"
0.019501929,0.0,0.0,0.210526316,0.57,0.0,0.0,0.0,573.0,"cluster_3"
0.01192564,0.0,0.0,0.076923077,0.71,0.0,0.0,0.0,574.0,"cluster_3"
0.008909155,0.002277904,0.0,0.37704918,0.403773585,0.0,0.0,0.0,575.0,"cluster_0"
0.065170116,0.06833713,0.0,0.254385965,0.202857143,0.0,0.0,0.0,576.0,"cluster_0"
0.006032971,0.0,0.0,0.0,0.785,0.0,0.0,0.0,577.0,"cluster_3"
0.028130481,0.013667426,0.0,0.206666667,0.500933333,0.0,0.0,0.0,578.0,"cluster_3"
0.002314977,0.0,0.0,0.0,0.785,0.0,0.0,0.0,579.0,"cluster_3"
0.009049456,0.0,0.0,0.0,0.777619048,0.0,0.0,0.0,580.0,"cluster_3"
0.0,0.0,0.0,0.0,0.786666667,0.0,0.0,0.0,581.0,"cluster_3"
0.0,0.0,0.0,0.0,0.785,0.0,0.0,0.0,582.0,"cluster_3"
0.0,0.0,0.0,0.0,0.785,0.0,0.0,0.0,583.0,"cluster_3"
0.0,0.0,0.0,0.0,0.785,0.0,0.0,0.0,584.0,"cluster_3"
0.0,0.0,0.0,0.0,0.785,0.0,0.0,0.0,585.0,"cluster_3"
0.0,0.0,0.0,0.0,0.785,0.0,0.0,0.0,586.0,"cluster_3"
0.0,0.0,0.0,0.0,0.785,0.0,0.0,0.0,587.0,"cluster_3"
0.0,0.0,0.0,0.0,0.785,0.0,0.0,0.0,588.0,"cluster_3"
0.0,0.0,0.0,0.0,0.785,0.0,0.0,0.0,589.0,"cluster_3"
0.003647843,0.002277904,0.0,0.0,0.771666667,0.0,0.0,0.0,590.0,"cluster_3"
0.005331463,0.0,0.0,0.0,0.775,0.0,0.0,0.0,591.0,"cluster_3"
0.009049456,0.0,0.0,0.476190476,0.287464789,0.0,0.0,0.0,592.0,"cluster_0"
0.011153981,0.006833713,0.0,0.396551724,0.336216216,0.0,0.0,0.0,593.0,"cluster_0"
9.11961E-4,0.0,0.0,0.2,0.57,0.0,0.0,0.0,594.0,"cluster_3"
0.005331463,0.0,0.0,0.473684211,0.29,0.0,0.0,0.0,595.0,"cluster_0"
0.051981761,0.0,0.0,0.0,0.71,0.0,0.0,0.0,596.0,"cluster_3"
0.007155384,0.0,0.0,0.083333333,0.6708,0.0,0.0,0.0,597.0,"cluster_3"
0.010803227,0.0,0.0,0.5,0.2492,0.0,0.0,0.0,598.0,"cluster_0"
0.0,0.0,0.0,0.0,0.76,0.0,0.0,0.0,599.0,"cluster_3"
0.0,0.0,0.0,0.0,0.76,0.0,0.0,0.0,600.0,"cluster_3"
9.11961E-4,0.0,0.0,0.0,0.7525,0.0,0.0,0.0,601.0,"cluster_3"
0.0,0.0,0.0,0.0,0.752857143,0.0,0.0,0.0,602.0,"cluster_3"
0.011715188,0.0,0.0,0.19047619,0.542,0.0,0.0,0.0,603.0,"cluster_3"
0.00252543,0.0,0.0,0.166666667,0.573255814,0.0,0.0,0.0,604.0,"cluster_3"
0.0,0.0,0.0,0.0,0.738333333,0.0,0.0,0.0,605.0,"cluster_3"
0.016695896,0.002277904,0.0,0.0,0.71,0.0,0.0,0.0,606.0,"cluster_3"
2.10452E-4,0.0,0.0,0.0,0.731428571,0.0,0.0,0.0,607.0,"cluster_3"
0.020694493,0.0,0.0,0.0,0.71,0.0,0.0,0.0,608.0,"cluster_3"
0.001543318,0.004555809,0.0,0.0,0.71,0.0,0.0,0.0,609.0,"cluster_3"
0.025885654,0.0,0.0,0.0,0.703333333,0.0,0.0,0.0,610.0,"cluster_3"
0.062364083,0.0,0.0,0.166666667,0.5,0.0,0.0,0.0,611.0,"cluster_3"
0.003086636,0.004555809,0.0,0.230769231,0.476666667,0.0,0.0,0.0,612.0,"cluster_3"
0.013960014,0.0,0.0,0.125,0.5875,0.0,0.0,0.0,613.0,"cluster_3"
0.015222729,0.0,0.0,0.0,0.71,0.0,0.0,0.0,614.0,"cluster_3"
0.005331463,0.002277904,0.0,0.0,0.71,0.0,0.0,0.0,615.0,"cluster_3"
0.003858295,0.002277904,0.0,0.0,0.71,0.0,0.0,0.0,616.0,"cluster_3"
0.012346545,0.0,0.0,0.0,0.71,0.0,0.0,0.0,617.0,"cluster_3"
0.016836198,0.0,0.0,0.1875,0.5175,0.0,0.0,0.0,618.0,"cluster_3"
0.014801824,0.002277904,0.0,0.0,0.697272727,0.0,0.0,0.0,619.0,"cluster_3"
0.001473167,0.002277904,0.0,0.0,0.71,0.0,0.0,0.0,620.0,"cluster_3"
0.010452473,0.0,0.0,0.0,0.71,0.0,0.0,0.0,621.0,"cluster_3"
0.010382322,0.0,0.0,0.0,0.71,0.0,0.0,0.0,622.0,"cluster_3"
0.001122413,0.002277904,0.0,0.0,0.71,0.0,0.0,0.0,623.0,"cluster_3"
0.009470361,0.0,0.0,0.0,0.71,0.0,0.0,0.0,624.0,"cluster_3"
0.009049456,0.0,0.0,0.0,0.71,0.0,0.0,0.0,625.0,"cluster_3"
0.008628551,0.0,0.0,0.0,0.71,0.0,0.0,0.0,626.0,"cluster_3"
0.00764644,0.0,0.0,0.0,0.71,0.0,0.0,0.0,627.0,"cluster_3"
0.004209049,0.0,0.0,0.142857143,0.57,0.0,0.0,0.0,628.0,"cluster_3"
0.006944932,0.0,0.0,0.0,0.71,0.0,0.0,0.0,629.0,"cluster_3"
0.006453876,0.0,0.0,0.0,0.71,0.0,0.0,0.0,630.0,"cluster_3"
0.006243423,0.0,0.0,0.0,0.71,0.0,0.0,0.0,631.0,"cluster_3"
0.001052262,0.0,0.0,0.0,0.715,0.0,0.0,0.0,632.0,"cluster_3"
0.00596282,0.0,0.0,0.0,0.71,0.0,0.0,0.0,633.0,"cluster_3"
0.005752368,0.0,0.0,0.0,0.71,0.0,0.0,0.0,634.0,"cluster_3"
0.005050859,0.0,0.0,0.0,0.71,0.0,0.0,0.0,635.0,"cluster_3"
0.004700105,0.0,0.0,0.0,0.71,0.0,0.0,0.0,636.0,"cluster_3"
0.004559804,0.0,0.0,0.0,0.71,0.0,0.0,0.0,637.0,"cluster_3"
0.001753771,0.0,0.0,0.0,0.7125,0.0,0.0,0.0,638.0,"cluster_3"
0.003928446,0.0,0.0,0.0,0.71,0.0,0.0,0.0,639.0,"cluster_3"
0.003928446,0.0,0.0,0.0,0.71,0.0,0.0,0.0,640.0,"cluster_3"
0.003788145,0.0,0.0,0.0,0.71,0.0,0.0,0.0,641.0,"cluster_3"
0.003647843,0.0,0.0,0.0,0.71,0.0,0.0,0.0,642.0,"cluster_3"
0.003647843,0.0,0.0,0.0,0.71,0.0,0.0,0.0,643.0,"cluster_3"
0.003577692,0.0,0.0,0.0,0.71,0.0,0.0,0.0,644.0,"cluster_3"
0.003577692,0.0,0.0,0.0,0.71,0.0,0.0,0.0,645.0,"cluster_3"
0.00343739,0.0,0.0,0.0,0.71,0.0,0.0,0.0,646.0,"cluster_3"
0.003297089,0.0,0.0,0.0,0.71,0.0,0.0,0.0,647.0,"cluster_3"
0.003156787,0.0,0.0,0.0,0.71,0.0,0.0,0.0,648.0,"cluster_3"
0.002806033,0.0,0.0,0.0,0.71,0.0,0.0,0.0,649.0,"cluster_3"
0.002665731,0.0,0.0,0.0,0.71,0.0,0.0,0.0,650.0,"cluster_3"
0.002455279,0.0,0.0,0.0,0.71,0.0,0.0,0.0,651.0,"cluster_3"
0.002034374,0.0,0.0,0.0,0.71,0.0,0.0,0.0,652.0,"cluster_3"
0.001964223,0.0,0.0,0.0,0.71,0.0,0.0,0.0,653.0,"cluster_3"
0.00168362,0.0,0.0,0.0,0.71,0.0,0.0,0.0,654.0,"cluster_3"
0.001613469,0.0,0.0,0.0,0.71,0.0,0.0,0.0,655.0,"cluster_3"
0.042441249,0.0,0.0,0.153225806,0.515806452,0.0,0.0,0.0,656.0,"cluster_3"
0.001473167,0.0,0.0,0.0,0.71,0.0,0.0,0.0,657.0,"cluster_3"
0.001262715,0.0,0.0,0.0,0.71,0.0,0.0,0.0,658.0,"cluster_3"
0.001262715,0.0,0.0,0.0,0.71,0.0,0.0,0.0,659.0,"cluster_3"
0.001122413,0.0,0.0,0.0,0.71,0.0,0.0,0.0,660.0,"cluster_3"
0.001122413,0.0,0.0,0.0,0.71,0.0,0.0,0.0,661.0,"cluster_3"
0.001122413,0.0,0.0,0.0,0.71,0.0,0.0,0.0,662.0,"cluster_3"
0.0,0.0,0.0,0.0,0.711111111,0.0,0.0,0.0,663.0,"cluster_3"
9.11961E-4,0.0,0.0,0.0,0.71,0.0,0.0,0.0,664.0,"cluster_3"
7.71659E-4,0.0,0.0,0.0,0.71,0.0,0.0,0.0,665.0,"cluster_3"
7.01508E-4,0.0,0.0,0.0,0.71,0.0,0.0,0.0,666.0,"cluster_3"
6.31357E-4,0.0,0.0,0.0,0.71,0.0,0.0,0.0,667.0,"cluster_3"
6.31357E-4,0.0,0.0,0.0,0.71,0.0,0.0,0.0,668.0,"cluster_3"
5.61207E-4,0.0,0.0,0.0,0.71,0.0,0.0,0.0,669.0,"cluster_3"
4.91056E-4,0.0,0.0,0.0,0.71,0.0,0.0,0.0,670.0,"cluster_3"
4.20905E-4,0.0,0.0,0.0,0.71,0.0,0.0,0.0,671.0,"cluster_3"
4.20905E-4,0.0,0.0,0.0,0.71,0.0,0.0,0.0,672.0,"cluster_3"
3.50754E-4,0.0,0.0,0.0,0.71,0.0,0.0,0.0,673.0,"cluster_3"
2.80603E-4,0.0,0.0,0.0,0.71,0.0,0.0,0.0,674.0,"cluster_3"
2.80603E-4,0.0,0.0,0.0,0.71,0.0,0.0,0.0,675.0,"cluster_3"
2.80603E-4,0.0,0.0,0.0,0.71,0.0,0.0,0.0,676.0,"cluster_3"
2.10452E-4,0.0,0.0,0.0,0.71,0.0,0.0,0.0,677.0,"cluster_3"
2.10452E-4,0.0,0.0,0.0,0.71,0.0,0.0,0.0,678.0,"cluster_3"
1.40302E-4,0.0,0.0,0.0,0.71,0.0,0.0,0.0,679.0,"cluster_3"
7.02E-5,0.0,0.0,0.0,0.71,0.0,0.0,0.0,680.0,"cluster_3"
7.02E-5,0.0,0.0,0.0,0.71,0.0,0.0,0.0,681.0,"cluster_3"
7.02E-5,0.0,0.0,0.0,0.71,0.0,0.0,0.0,682.0,"cluster_3"
0.0,0.0,0.0,0.0,0.71,0.0,0.0,0.0,683.0,"cluster_3"
0.0,0.0,0.0,0.0,0.71,0.0,0.0,0.0,684.0,"cluster_3"
0.0,0.0,0.0,0.0,0.71,0.0,0.0,0.0,685.0,"cluster_3"
0.0,0.0,0.0,0.0,0.71,0.0,0.0,0.0,686.0,"cluster_3"
0.0,0.0,0.0,0.0,0.71,0.0,0.0,0.0,687.0,"cluster_3"
0.0,0.0,0.0,0.0,0.71,0.0,0.0,0.0,688.0,"cluster_3"
0.0,0.0,0.0,0.0,0.71,0.0,0.0,0.0,689.0,"cluster_3"
0.0,0.0,0.0,0.0,0.71,0.0,0.0,0.0,690.0,"cluster_3"
0.0,0.0,0.0,0.0,0.71,0.0,0.0,0.0,691.0,"cluster_3"
0.0,0.0,0.0,0.0,0.71,0.0,0.0,0.0,692.0,"cluster_3"
0.0,0.0,0.0,0.0,0.71,0.0,0.0,0.0,693.0,"cluster_3"
0.0,0.0,0.0,0.0,0.71,0.0,0.0,0.0,694.0,"cluster_3"
0.0,0.0,0.0,0.0,0.71,0.0,0.0,0.0,695.0,"cluster_3"
0.0,0.0,0.0,0.0,0.71,0.0,0.0,0.0,696.0,"cluster_3"
0.0,0.0,0.0,0.0,0.71,0.0,0.0,0.0,697.0,"cluster_3"
0.0,0.0,0.0,0.0,0.71,0.0,0.0,0.0,698.0,"cluster_3"
0.0,0.0,0.0,0.0,0.71,0.0,0.0,0.0,699.0,"cluster_3"
0.0,0.0,0.0,0.0,0.71,0.0,0.0,0.0,700.0,"cluster_3"
0.0,0.0,0.0,0.0,0.71,0.0,0.0,0.0,701.0,"cluster_3"
0.0,0.0,0.0,0.0,0.71,0.0,0.0,0.0,702.0,"cluster_3"
0.0,0.0,0.0,0.0,0.71,0.0,0.0,0.0,703.0,"cluster_3"
0.0,0.0,0.0,0.0,0.71,0.0,0.0,0.0,704.0,"cluster_3"
0.0,0.0,0.0,0.0,0.71,0.0,0.0,0.0,705.0,"cluster_3"
0.0,0.0,0.0,0.0,0.71,0.0,0.0,0.0,706.0,"cluster_3"
0.0,0.0,0.0,0.0,0.71,0.0,0.0,0.0,707.0,"cluster_3"
0.0,0.0,0.0,0.0,0.71,0.0,0.0,0.0,708.0,"cluster_3"
0.0,0.0,0.0,0.0,0.71,0.0,0.0,0.0,709.0,"cluster_3"
0.0,0.0,0.0,0.0,0.71,0.0,0.0,0.0,710.0,"cluster_3"
0.0,0.0,0.0,0.0,0.71,0.0,0.0,0.0,711.0,"cluster_3"
0.0,0.0,0.0,0.0,0.71,0.0,0.0,0.0,712.0,"cluster_3"
0.0,0.0,0.0,0.0,0.71,0.0,0.0,0.0,713.0,"cluster_3"
0.0,0.0,0.0,0.0,0.71,0.0,0.0,0.0,714.0,"cluster_3"
0.0,0.0,0.0,0.0,0.71,0.0,0.0,0.0,715.0,"cluster_3"
0.0,0.0,0.0,0.0,0.71,0.0,0.0,0.0,716.0,"cluster_3"
0.0,0.0,0.0,0.0,0.71,0.0,0.0,0.0,717.0,"cluster_3"
0.0,0.0,0.0,0.0,0.71,0.0,0.0,0.0,718.0,"cluster_3"
0.0,0.0,0.0,0.0,0.71,0.0,0.0,0.0,719.0,"cluster_3"
0.0,0.0,0.0,0.0,0.71,0.0,0.0,0.0,720.0,"cluster_3"
0.0,0.0,0.0,0.0,0.71,0.0,0.0,0.0,721.0,"cluster_3"
0.0,0.0,0.0,0.0,0.71,0.0,0.0,0.0,722.0,"cluster_3"
0.0,0.0,0.0,0.0,0.71,0.0,0.0,0.0,723.0,"cluster_3"
0.0,0.0,0.0,0.0,0.71,0.0,0.0,0.0,724.0,"cluster_3"
0.0,0.0,0.0,0.0,0.71,0.0,0.0,0.0,725.0,"cluster_3"
0.0,0.0,0.0,0.0,0.71,0.0,0.0,0.0,726.0,"cluster_3"
0.0,0.0,0.0,0.0,0.71,0.0,0.0,0.0,727.0,"cluster_3"
0.0,0.0,0.0,0.0,0.71,0.0,0.0,0.0,728.0,"cluster_3"
0.0,0.0,0.0,0.0,0.71,0.0,0.0,0.0,729.0,"cluster_3"
0.0,0.0,0.0,0.0,0.71,0.0,0.0,0.0,730.0,"cluster_3"
0.0,0.0,0.0,0.0,0.71,0.0,0.0,0.0,731.0,"cluster_3"
0.0,0.0,0.0,0.0,0.71,0.0,0.0,0.0,732.0,"cluster_3"
0.0,0.0,0.0,0.0,0.71,0.0,0.0,0.0,733.0,"cluster_3"
0.0,0.0,0.0,0.0,0.71,0.0,0.0,0.0,734.0,"cluster_3"
0.0,0.0,0.0,0.0,0.71,0.0,0.0,0.0,735.0,"cluster_3"
0.0,0.0,0.0,0.0,0.71,0.0,0.0,0.0,736.0,"cluster_3"
0.0,0.0,0.0,0.0,0.71,0.0,0.0,0.0,737.0,"cluster_3"
0.0,0.0,0.0,0.0,0.71,0.0,0.0,0.0,738.0,"cluster_3"
0.0,0.0,0.0,0.0,0.71,0.0,0.0,0.0,739.0,"cluster_3"
0.0,0.0,0.0,0.0,0.71,0.0,0.0,0.0,740.0,"cluster_3"
0.0,0.0,0.0,0.0,0.71,0.0,0.0,0.0,741.0,"cluster_3"
0.0,0.0,0.0,0.0,0.71,0.0,0.0,0.0,742.0,"cluster_3"
0.0,0.0,0.0,0.0,0.71,0.0,0.0,0.0,743.0,"cluster_3"
0.0,0.0,0.0,0.0,0.71,0.0,0.0,0.0,744.0,"cluster_3"
0.0,0.0,0.0,0.0,0.71,0.0,0.0,0.0,745.0,"cluster_3"
0.0,0.0,0.0,0.0,0.71,0.0,0.0,0.0,746.0,"cluster_3"
0.0,0.0,0.0,0.0,0.71,0.0,0.0,0.0,747.0,"cluster_3"
0.0,0.0,0.0,0.0,0.71,0.0,0.0,0.0,748.0,"cluster_3"
0.0,0.0,0.0,0.0,0.71,0.0,0.0,0.0,749.0,"cluster_3"
0.0,0.0,0.0,0.0,0.71,0.0,0.0,0.0,750.0,"cluster_3"
0.0,0.0,0.0,0.0,0.71,0.0,0.0,0.0,751.0,"cluster_3"
0.0,0.0,0.0,0.0,0.71,0.0,0.0,0.0,752.0,"cluster_3"
0.0,0.0,0.0,0.0,0.71,0.0,0.0,0.0,753.0,"cluster_3"
0.0,0.0,0.0,0.0,0.71,0.0,0.0,0.0,754.0,"cluster_3"
0.014661522,0.006833713,0.0,0.373134328,0.291918605,0.0,0.0,0.0,755.0,"cluster_0"
0.009610663,0.0,0.0,0.0,0.697272727,0.0,0.0,0.0,756.0,"cluster_3"
0.002034374,0.0,0.0,0.0,0.7044,0.0,0.0,0.0,757.0,"cluster_3"
0.001543318,0.0,0.0,0.0,0.703488372,0.0,0.0,0.0,758.0,"cluster_3"
0.006594177,0.0,0.0,0.15625,0.541176471,0.0,0.0,0.0,759.0,"cluster_3"
0.005191161,0.0,0.0,0.0,0.694444444,0.0,0.0,0.0,760.0,"cluster_3"
0.041318835,0.0,0.0,0.226277372,0.429583333,0.0,0.0,0.0,761.0,"cluster_0"
0.002174676,0.0,0.0,0.125,0.57,0.0,0.0,0.0,762.0,"cluster_3"
0.001964223,0.0,0.0,0.125,0.57,0.0,0.0,0.0,763.0,"cluster_3"
0.00764644,0.0,0.0,0.125,0.561764706,0.0,0.0,0.0,764.0,"cluster_3"
0.004840407,0.0,0.0,0.217391304,0.47,0.0,0.0,0.0,765.0,"cluster_3"
0.001753771,0.0,0.0,0.0,0.69,0.0,0.0,0.0,766.0,"cluster_3"
0.007225535,0.0,0.0,0.333333333,0.349130435,0.0,0.0,0.0,767.0,"cluster_0"
0.020904946,0.0,0.0,0.0,0.666666667,0.0,0.0,0.0,768.0,"cluster_3"
0.004489653,0.0,0.0,0.0,0.679454546,0.0,0.0,0.0,769.0,"cluster_3"
0.001613469,0.0,0.0,0.0,0.682,0.0,0.0,0.0,770.0,"cluster_3"
0.0,0.0,0.0,0.0,0.683333333,0.0,0.0,0.0,771.0,"cluster_3"
0.046860751,0.004555809,0.0,0.205128205,0.412179487,0.0,0.0,0.0,772.0,"cluster_0"
0.031287268,0.002277904,0.0,0.211764706,0.43,0.0,0.0,0.0,773.0,"cluster_0"
0.0,0.0,0.0,0.0,0.682,0.0,0.0,0.0,774.0,"cluster_3"
0.04258155,0.0,0.0,0.209150327,0.429583333,0.0,0.0,0.0,775.0,"cluster_0"
0.023921431,0.025056948,0.0,0.375,0.180372671,0.0,0.0,0.0,776.0,"cluster_0"
2.80603E-4,0.0,0.0,0.0,0.6775,0.0,0.0,0.0,777.0,"cluster_3"
0.011855489,0.0,0.0,0.0,0.663333333,0.0,0.0,0.0,778.0,"cluster_3"
0.0,0.0,0.0,0.0,0.675,0.0,0.0,0.0,779.0,"cluster_3"
0.053665381,0.0,0.0,0.337837838,0.281470588,0.0,0.0,0.0,780.0,"cluster_0"
0.0,0.002277904,0.0,0.0,0.663333333,0.0,0.0,0.0,781.0,"cluster_3"
0.007856892,0.0,0.0,0.285714286,0.378571429,0.0,0.0,0.0,782.0,"cluster_0"
0.010733076,0.004555809,0.018181818,0.0,0.57,0.0,0.0,0.0,783.0,"cluster_3"
7.01508E-4,0.0,0.0,0.0,0.67,0.0,0.0,0.0,784.0,"cluster_3"
0.0,0.0,0.0,0.0,0.67,0.0,0.0,0.0,785.0,"cluster_3"
0.0,0.0,0.0,0.0,0.67,0.0,0.0,0.0,786.0,"cluster_3"
0.0,0.0,0.0,0.0,0.67,0.0,0.0,0.0,787.0,"cluster_3"
0.0,0.0,0.0,0.0,0.668,0.0,0.0,0.0,788.0,"cluster_3"
0.0,0.0,0.0,0.0,0.666666667,0.0,0.0,0.0,789.0,"cluster_3"
7.02E-5,0.0,0.0,0.0,0.663333333,0.0,0.0,0.0,790.0,"cluster_3"
0.02293932,0.0,0.0,0.0,0.64,0.0,0.0,0.0,791.0,"cluster_3"
0.008067345,0.0,0.0,0.0,0.654,0.0,0.0,0.0,792.0,"cluster_3"
0.004980709,0.0,0.0,0.090909091,0.565625,0.0,0.0,0.0,793.0,"cluster_3"
0.003086636,0.0,0.0,0.0,0.654,0.0,0.0,0.0,794.0,"cluster_3"
0.008067345,0.0,0.0,0.34375,0.301666667,0.0,0.0,0.0,795.0,"cluster_0"
0.006664328,0.0,0.0,0.0,0.64,0.0,0.0,0.0,796.0,"cluster_3"
0.006453876,0.0,0.0,0.0,0.64,0.0,0.0,0.0,797.0,"cluster_3"
0.003788145,0.0,0.0,0.0,0.64,0.0,0.0,0.0,798.0,"cluster_3"
0.001964223,0.0,0.0,0.0,0.64,0.0,0.0,0.0,799.0,"cluster_3"
0.012977902,0.0,0.0,0.058823529,0.57,0.0,0.0,0.0,800.0,"cluster_3"
0.0,0.0,0.0,0.0,0.64,0.0,0.0,0.0,801.0,"cluster_3"
0.0,0.0,0.0,0.0,0.64,0.0,0.0,0.0,802.0,"cluster_3"
0.0,0.0,0.0,0.0,0.64,0.0,0.0,0.0,803.0,"cluster_3"
0.005471764,0.0,0.0,0.2,0.43,0.0,0.0,0.0,804.0,"cluster_0"
0.003086636,0.004555809,0.0,0.181818182,0.43,0.0,0.0,0.0,805.0,"cluster_0"
0.009119607,0.0,0.0,0.0,0.616666667,0.0,0.0,0.0,806.0,"cluster_3"
0.001894072,0.0,0.0,0.0,0.616666667,0.0,0.0,0.0,807.0,"cluster_3"
9.82112E-4,0.0,0.0,0.0,0.616666667,0.0,0.0,0.0,808.0,"cluster_3"
2.10452E-4,0.0,0.0,0.0,0.616666667,0.0,0.0,0.0,809.0,"cluster_3"
0.007576289,0.0,0.0,0.134615385,0.471176471,0.0,0.0,0.0,810.0,"cluster_3"
0.042932304,0.0,0.0,0.0,0.57,0.0,0.0,0.0,811.0,"cluster_3"
0.005191161,0.013667426,0.0,0.214285714,0.336666667,0.0,0.0,0.0,812.0,"cluster_0"
0.026867766,0.0,0.0,0.0,0.582727273,0.0,0.0,0.0,813.0,"cluster_3"
0.00259558,0.0,0.0,0.0,0.605,0.0,0.0,0.0,814.0,"cluster_3"
0.0,0.0,0.0,0.0,0.605,0.0,0.0,0.0,815.0,"cluster_3"
0.0,0.0,0.0,0.0,0.605,0.0,0.0,0.0,816.0,"cluster_3"
0.005541915,0.0,0.0,0.0,0.598,0.0,0.0,0.0,817.0,"cluster_3"
0.003717994,0.0,0.0,0.0,0.598,0.0,0.0,0.0,818.0,"cluster_3"
9.11961E-4,0.0,0.0,0.0,0.598,0.0,0.0,0.0,819.0,"cluster_3"
0.008839004,0.0,0.0,0.0,0.59,0.0,0.0,0.0,820.0,"cluster_3"
0.0,0.0,0.0,0.0,0.598,0.0,0.0,0.0,821.0,"cluster_3"
0.0,0.0,0.0,0.0,0.598,0.0,0.0,0.0,822.0,"cluster_3"
0.065941775,0.002277904,0.009090909,0.0,0.486,8.6E-5,0.0,0.0,823.0,"cluster_3"
7.01508E-4,0.0,0.0,0.166666667,0.43,0.0,0.0,0.0,824.0,"cluster_0"
0.025043844,0.0,0.0,0.0,0.57,0.0,0.0,0.0,825.0,"cluster_3"
0.006173273,0.004555809,0.0,0.0,0.57,0.0,0.0,0.0,826.0,"cluster_3"
0.004770256,0.004555809,0.0,0.0,0.57,0.0,0.0,0.0,827.0,"cluster_3"
0.003226938,0.004555809,0.0,0.0,0.57,0.0,0.0,0.0,828.0,"cluster_3"
0.019712382,0.0,0.0,0.0,0.571530612,0.0,0.0,0.0,829.0,"cluster_3"
0.089793055,0.0,0.0,0.052325581,0.448058608,0.0,0.0,0.0,830.0,"cluster_3"
0.016555595,0.0,0.0,0.0,0.57,0.0,0.0,0.0,831.0,"cluster_3"
0.008277797,0.0,0.0,0.1,0.476666667,0.0,0.0,0.0,832.0,"cluster_3"
2.10452E-4,0.0,0.0,0.0,0.584,0.0,0.0,0.0,833.0,"cluster_3"
0.011013679,0.0,0.0,0.0,0.57,0.0,0.0,0.0,834.0,"cluster_3"
0.001543318,0.002277904,0.0,0.0,0.57,0.0,0.0,0.0,835.0,"cluster_3"
0.010101719,0.0,0.0,0.0,0.57,0.0,0.0,0.0,836.0,"cluster_3"
0.010101719,0.0,0.0,0.0,0.57,0.0,0.0,0.0,837.0,"cluster_3"
0.009750965,0.0,0.0,0.0,0.57,0.0,0.0,0.0,838.0,"cluster_3"
0.00848825,0.0,0.0,0.0,0.57,0.0,0.0,0.0,839.0,"cluster_3"
0.008347948,0.0,0.0,0.0,0.57,0.0,0.0,0.0,840.0,"cluster_3"
0.007997194,0.0,0.0,0.0,0.57,0.0,0.0,0.0,841.0,"cluster_3"
0.007786741,0.0,0.0,0.0,0.57,0.0,0.0,0.0,842.0,"cluster_3"
0.007225535,0.0,0.0,0.0,0.57,0.0,0.0,0.0,843.0,"cluster_3"
0.007856892,0.0,0.0,0.138888889,0.43,0.0,0.0,0.0,844.0,"cluster_0"
0.006243423,0.0,0.0,0.0,0.57,0.0,0.0,0.0,845.0,"cluster_3"
0.005892669,0.0,0.0,0.0,0.57,0.0,0.0,0.0,846.0,"cluster_3"
0.005682217,0.0,0.0,0.0,0.57,0.0,0.0,0.0,847.0,"cluster_3"
0.005541915,0.0,0.0,0.0,0.57,0.0,0.0,0.0,848.0,"cluster_3"
0.004980709,0.0,0.0,0.0,0.57,0.0,0.0,0.0,849.0,"cluster_3"
0.004419502,0.0,0.0,0.0,0.57,0.0,0.0,0.0,850.0,"cluster_3"
0.003928446,0.0,0.0,0.0,0.57,0.0,0.0,0.0,851.0,"cluster_3"
0.003577692,0.0,0.0,0.0,0.57,0.0,0.0,0.0,852.0,"cluster_3"
0.003507541,0.0,0.0,0.0,0.57,0.0,0.0,0.0,853.0,"cluster_3"
0.003016485,0.0,0.0,0.0,0.57,0.0,0.0,0.0,854.0,"cluster_3"
0.002806033,0.0,0.0,0.0,0.57,0.0,0.0,0.0,855.0,"cluster_3"
0.002455279,0.0,0.0,0.0,0.57,0.0,0.0,0.0,856.0,"cluster_3"
0.002314977,0.0,0.0,0.0,0.57,0.0,0.0,0.0,857.0,"cluster_3"
0.002244826,0.0,0.0,0.0,0.57,0.0,0.0,0.0,858.0,"cluster_3"
0.002244826,0.0,0.0,0.0,0.57,0.0,0.0,0.0,859.0,"cluster_3"
0.002174676,0.0,0.0,0.0,0.57,0.0,0.0,0.0,860.0,"cluster_3"
0.002104525,0.0,0.0,0.0,0.57,0.0,0.0,0.0,861.0,"cluster_3"
0.001964223,0.0,0.0,0.0,0.57,0.0,0.0,0.0,862.0,"cluster_3"
0.001894072,0.0,0.0,0.0,0.57,0.0,0.0,0.0,863.0,"cluster_3"
0.001894072,0.0,0.0,0.0,0.57,0.0,0.0,0.0,864.0,"cluster_3"
0.001894072,0.0,0.0,0.0,0.57,0.0,0.0,0.0,865.0,"cluster_3"
0.001753771,0.0,0.0,0.0,0.57,0.0,0.0,0.0,866.0,"cluster_3"
0.001613469,0.0,0.0,0.0,0.57,0.0,0.0,0.0,867.0,"cluster_3"
0.001613469,0.0,0.0,0.0,0.57,0.0,0.0,0.0,868.0,"cluster_3"
0.001543318,0.0,0.0,0.0,0.57,0.0,0.0,0.0,869.0,"cluster_3"
0.001403016,0.0,0.0,0.0,0.57,0.0,0.0,0.0,870.0,"cluster_3"
0.001332866,0.0,0.0,0.0,0.57,0.0,0.0,0.0,871.0,"cluster_3"
0.001332866,0.0,0.0,0.0,0.57,0.0,0.0,0.0,872.0,"cluster_3"
0.001332866,0.0,0.0,0.0,0.57,0.0,0.0,0.0,873.0,"cluster_3"
0.001262715,0.0,0.0,0.0,0.57,0.0,0.0,0.0,874.0,"cluster_3"
9.82112E-4,0.0,0.0,0.0,0.57,0.0,0.0,0.0,875.0,"cluster_3"
9.11961E-4,0.0,0.0,0.0,0.57,0.0,0.0,0.0,876.0,"cluster_3"
8.4181E-4,0.0,0.0,0.0,0.57,0.0,0.0,0.0,877.0,"cluster_3"
8.4181E-4,0.0,0.0,0.0,0.57,0.0,0.0,0.0,878.0,"cluster_3"
8.4181E-4,0.0,0.0,0.0,0.57,0.0,0.0,0.0,879.0,"cluster_3"
8.4181E-4,0.0,0.0,0.0,0.57,0.0,0.0,0.0,880.0,"cluster_3"
7.71659E-4,0.0,0.0,0.0,0.57,0.0,0.0,0.0,881.0,"cluster_3"
7.01508E-4,0.0,0.0,0.0,0.57,0.0,0.0,0.0,882.0,"cluster_3"
7.01508E-4,0.0,0.0,0.0,0.57,0.0,0.0,0.0,883.0,"cluster_3"
7.01508E-4,0.0,0.0,0.0,0.57,0.0,0.0,0.0,884.0,"cluster_3"
7.01508E-4,0.0,0.0,0.0,0.57,0.0,0.0,0.0,885.0,"cluster_3"
6.31357E-4,0.0,0.0,0.0,0.57,0.0,0.0,0.0,886.0,"cluster_3"
5.61207E-4,0.0,0.0,0.0,0.57,0.0,0.0,0.0,887.0,"cluster_3"
5.61207E-4,0.0,0.0,0.0,0.57,0.0,0.0,0.0,888.0,"cluster_3"
5.61207E-4,0.0,0.0,0.0,0.57,0.0,0.0,0.0,889.0,"cluster_3"
4.91056E-4,0.0,0.0,0.0,0.57,0.0,0.0,0.0,890.0,"cluster_3"
4.91056E-4,0.0,0.0,0.0,0.57,0.0,0.0,0.0,891.0,"cluster_3"
4.20905E-4,0.0,0.0,0.0,0.57,0.0,0.0,0.0,892.0,"cluster_3"
4.20905E-4,0.0,0.0,0.0,0.57,0.0,0.0,0.0,893.0,"cluster_3"
3.50754E-4,0.0,0.0,0.0,0.57,0.0,0.0,0.0,894.0,"cluster_3"
3.50754E-4,0.0,0.0,0.0,0.57,0.0,0.0,0.0,895.0,"cluster_3"
3.50754E-4,0.0,0.0,0.0,0.57,0.0,0.0,0.0,896.0,"cluster_3"
2.80603E-4,0.0,0.0,0.0,0.57,0.0,0.0,0.0,897.0,"cluster_3"
2.80603E-4,0.0,0.0,0.0,0.57,0.0,0.0,0.0,898.0,"cluster_3"
2.80603E-4,0.0,0.0,0.0,0.57,0.0,0.0,0.0,899.0,"cluster_3"
2.80603E-4,0.0,0.0,0.0,0.57,0.0,0.0,0.0,900.0,"cluster_3"
2.10452E-4,0.0,0.0,0.0,0.57,0.0,0.0,0.0,901.0,"cluster_3"
2.10452E-4,0.0,0.0,0.0,0.57,0.0,0.0,0.0,902.0,"cluster_3"
2.10452E-4,0.0,0.0,0.0,0.57,0.0,0.0,0.0,903.0,"cluster_3"
1.40302E-4,0.0,0.0,0.0,0.57,0.0,0.0,0.0,904.0,"cluster_3"
1.40302E-4,0.0,0.0,0.0,0.57,0.0,0.0,0.0,905.0,"cluster_3"
1.40302E-4,0.0,0.0,0.0,0.57,0.0,0.0,0.0,906.0,"cluster_3"
0.0,0.0,0.0,0.0,0.57,0.0,0.0,0.0,907.0,"cluster_3"
0.0,0.0,0.0,0.0,0.57,0.0,0.0,0.0,908.0,"cluster_3"
0.0,0.0,0.0,0.0,0.57,0.0,0.0,0.0,909.0,"cluster_3"
0.0,0.0,0.0,0.0,0.57,0.0,0.0,0.0,910.0,"cluster_3"
0.0,0.0,0.0,0.0,0.57,0.0,0.0,0.0,911.0,"cluster_3"
0.0,0.0,0.0,0.0,0.57,0.0,0.0,0.0,912.0,"cluster_3"
0.0,0.0,0.0,0.0,0.57,0.0,0.0,0.0,913.0,"cluster_3"
0.0,0.0,0.0,0.0,0.57,0.0,0.0,0.0,914.0,"cluster_3"
0.0,0.0,0.0,0.0,0.57,0.0,0.0,0.0,915.0,"cluster_3"
0.0,0.0,0.0,0.0,0.57,0.0,0.0,0.0,916.0,"cluster_3"
0.0,0.0,0.0,0.0,0.57,0.0,0.0,0.0,917.0,"cluster_3"
0.0,0.0,0.0,0.0,0.57,0.0,0.0,0.0,918.0,"cluster_3"
0.0,0.0,0.0,0.0,0.57,0.0,0.0,0.0,919.0,"cluster_3"
0.0,0.0,0.0,0.0,0.57,0.0,0.0,0.0,920.0,"cluster_3"
0.0,0.0,0.0,0.0,0.57,0.0,0.0,0.0,921.0,"cluster_3"
0.0,0.0,0.0,0.0,0.57,0.0,0.0,0.0,922.0,"cluster_3"
0.0,0.0,0.0,0.0,0.57,0.0,0.0,0.0,923.0,"cluster_3"
0.0,0.0,0.0,0.0,0.57,0.0,0.0,0.0,924.0,"cluster_3"
0.0,0.0,0.0,0.0,0.57,0.0,0.0,0.0,925.0,"cluster_3"
0.0,0.0,0.0,0.0,0.57,0.0,0.0,0.0,926.0,"cluster_3"
0.0,0.0,0.0,0.0,0.57,0.0,0.0,0.0,927.0,"cluster_3"
0.0,0.0,0.0,0.0,0.57,0.0,0.0,0.0,928.0,"cluster_3"
0.0,0.0,0.0,0.0,0.57,0.0,0.0,0.0,929.0,"cluster_3"
0.0,0.0,0.0,0.0,0.57,0.0,0.0,0.0,930.0,"cluster_3"
0.0,0.0,0.0,0.0,0.57,0.0,0.0,0.0,931.0,"cluster_3"
0.0,0.0,0.0,0.0,0.57,0.0,0.0,0.0,932.0,"cluster_3"
0.0,0.0,0.0,0.0,0.57,0.0,0.0,0.0,933.0,"cluster_3"
0.0,0.0,0.0,0.0,0.57,0.0,0.0,0.0,934.0,"cluster_3"
0.0,0.0,0.0,0.0,0.57,0.0,0.0,0.0,935.0,"cluster_3"
0.0,0.0,0.0,0.0,0.57,0.0,0.0,0.0,936.0,"cluster_3"
0.0,0.0,0.0,0.0,0.57,0.0,0.0,0.0,937.0,"cluster_3"
0.0,0.0,0.0,0.0,0.57,0.0,0.0,0.0,938.0,"cluster_3"
0.0,0.0,0.0,0.0,0.57,0.0,0.0,0.0,939.0,"cluster_3"
0.0,0.0,0.0,0.0,0.57,0.0,0.0,0.0,940.0,"cluster_3"
0.0,0.0,0.0,0.0,0.57,0.0,0.0,0.0,941.0,"cluster_3"
0.0,0.0,0.0,0.0,0.57,0.0,0.0,0.0,942.0,"cluster_3"
0.0,0.0,0.0,0.0,0.57,0.0,0.0,0.0,943.0,"cluster_3"
0.0,0.0,0.0,0.0,0.57,0.0,0.0,0.0,944.0,"cluster_3"
0.0,0.0,0.0,0.0,0.57,0.0,0.0,0.0,945.0,"cluster_3"
0.0,0.0,0.0,0.0,0.57,0.0,0.0,0.0,946.0,"cluster_3"
0.0,0.0,0.0,0.0,0.57,0.0,0.0,0.0,947.0,"cluster_3"
0.0,0.0,0.0,0.0,0.57,0.0,0.0,0.0,948.0,"cluster_3"
0.0,0.0,0.0,0.0,0.57,0.0,0.0,0.0,949.0,"cluster_3"
0.0,0.0,0.0,0.0,0.57,0.0,0.0,0.0,950.0,"cluster_3"
0.0,0.0,0.0,0.0,0.57,0.0,0.0,0.0,951.0,"cluster_3"
0.0,0.0,0.0,0.0,0.57,0.0,0.0,0.0,952.0,"cluster_3"
0.0,0.0,0.0,0.0,0.57,0.0,0.0,0.0,953.0,"cluster_3"
0.0,0.0,0.0,0.0,0.57,0.0,0.0,0.0,954.0,"cluster_3"
0.0,0.0,0.0,0.0,0.57,0.0,0.0,0.0,955.0,"cluster_3"
0.0,0.0,0.0,0.0,0.57,0.0,0.0,0.0,956.0,"cluster_3"
0.0,0.0,0.0,0.0,0.57,0.0,0.0,0.0,957.0,"cluster_3"
0.0,0.0,0.0,0.0,0.57,0.0,0.0,0.0,958.0,"cluster_3"
0.0,0.0,0.0,0.0,0.57,0.0,0.0,0.0,959.0,"cluster_3"
0.0,0.0,0.0,0.0,0.57,0.0,0.0,0.0,960.0,"cluster_3"
0.0,0.0,0.0,0.0,0.57,0.0,0.0,0.0,961.0,"cluster_3"
0.0,0.0,0.0,0.0,0.57,0.0,0.0,0.0,962.0,"cluster_3"
0.0,0.0,0.0,0.0,0.57,0.0,0.0,0.0,963.0,"cluster_3"
0.0,0.0,0.0,0.0,0.57,0.0,0.0,0.0,964.0,"cluster_3"
0.0,0.0,0.0,0.0,0.57,0.0,0.0,0.0,965.0,"cluster_3"
0.0,0.0,0.0,0.0,0.57,0.0,0.0,0.0,966.0,"cluster_3"
0.0,0.0,0.0,0.0,0.57,0.0,0.0,0.0,967.0,"cluster_3"
0.0,0.0,0.0,0.0,0.57,0.0,0.0,0.0,968.0,"cluster_3"
0.0,0.0,0.0,0.0,0.57,0.0,0.0,0.0,969.0,"cluster_3"
0.0,0.0,0.0,0.0,0.57,0.0,0.0,0.0,970.0,"cluster_3"
0.0,0.0,0.0,0.0,0.57,0.0,0.0,0.0,971.0,"cluster_3"
0.0,0.0,0.0,0.0,0.57,0.0,0.0,0.0,972.0,"cluster_3"
0.0,0.0,0.0,0.0,0.57,0.0,0.0,0.0,973.0,"cluster_3"
0.003858295,0.0,0.0,0.0,0.565172414,0.0,0.0,0.0,974.0,"cluster_3"
0.003647843,0.0,0.0,0.0,0.554814815,0.0,0.0,0.0,975.0,"cluster_3"
9.82112E-4,0.004555809,0.009090909,0.0,0.5,4.6E-5,0.0,0.0,976.0,"cluster_3"
0.004419502,0.002277904,0.0,0.0,0.542,0.0,0.0,0.0,977.0,"cluster_3"
4.20905E-4,0.0,0.0,0.0,0.5525,0.0,0.0,0.0,978.0,"cluster_3"
0.004068748,0.0,0.0,0.0,0.548125,0.0,0.0,0.0,979.0,"cluster_3"
0.005892669,0.0,0.0,0.0,0.542,0.0,0.0,0.0,980.0,"cluster_3"
0.001052262,0.0,0.0,0.0,0.546666667,0.0,0.0,0.0,981.0,"cluster_3"
0.0,0.0,0.0,0.0,0.546,0.0,0.0,0.0,982.0,"cluster_3"
0.003788145,0.002277904,0.0,0.0,0.531612903,0.0,0.0,0.0,983.0,"cluster_3"
7.02E-5,0.002277904,0.0,0.0,0.535,0.0,0.0,0.0,984.0,"cluster_3"
0.0,0.0,0.0,0.0,0.542,0.0,0.0,0.0,985.0,"cluster_3"
0.002034374,0.0,0.0,0.0,0.53953125,0.0,0.0,0.0,986.0,"cluster_3"
0.070361277,0.002277904,0.0,0.161048689,0.299041096,0.0,0.0,0.0,987.0,"cluster_0"
8.4181E-4,0.0,0.0,0.0,0.535,0.0,0.0,0.0,988.0,"cluster_3"
0.0,0.0,0.0,0.0,0.535,0.0,0.0,0.0,989.0,"cluster_3"
0.034373904,0.0,0.0,0.0,0.4972,0.0,0.0,0.0,990.0,"cluster_3"
0.007015082,0.002277904,0.0,0.0,0.511395349,0.0,0.0,0.0,991.0,"cluster_3"
0.0,0.0,0.0,0.0,0.526923077,0.0,0.0,0.0,992.0,"cluster_3"
0.00259558,0.0,0.0,0.0,0.523333333,0.0,0.0,0.0,993.0,"cluster_3"
0.0,0.0,0.0,0.0,0.523333333,0.0,0.0,0.0,994.0,"cluster_3"
9.82112E-4,0.0,0.0,0.090909091,0.43,0.0,0.0,0.0,995.0,"cluster_0"
0.0,0.0,0.0,0.0,0.519090909,0.0,0.0,0.0,996.0,"cluster_3"
0.009049456,0.006833713,0.009090909,0.272727273,0.170776362,8.7706E-4,0.0,0.0,997.0,"cluster_0"
0.002034374,0.002277904,0.0,0.0,0.503333333,0.0,0.0,0.0,998.0,"cluster_3"
0.0,0.0,0.0,0.0,0.514,0.0,0.0,0.0,999.0,"cluster_3"
0.008839004,0.006833713,0.0,0.2,0.277142857,0.0,0.0,0.0,1000.0,"cluster_0"
0.006874781,0.0,0.0,0.1,0.404545455,0.0,0.0,0.0,1001.0,"cluster_0"
0.005541915,0.0,0.0,0.0,0.5,0.0,0.0,0.0,1002.0,"cluster_3"
0.004138899,0.0,0.0,0.0,0.5,0.0,0.0,0.0,1003.0,"cluster_3"
0.001262715,0.0,0.0,0.0,0.5,0.0,0.0,0.0,1004.0,"cluster_3"
8.4181E-4,0.0,0.0,0.0,0.5,0.0,0.0,0.0,1005.0,"cluster_3"
7.71659E-4,0.0,0.0,0.0,0.5,0.0,0.0,0.0,1006.0,"cluster_3"
2.80603E-4,0.0,0.0,0.0,0.5,0.0,0.0,0.0,1007.0,"cluster_3"
0.0,0.0,0.0,0.0,0.5,0.0,0.0,0.0,1008.0,"cluster_3"
0.0,0.0,0.0,0.0,0.5,0.0,0.0,0.0,1009.0,"cluster_3"
0.0,0.0,0.0,0.0,0.5,0.0,0.0,0.0,1010.0,"cluster_3"
0.0,0.0,0.0,0.0,0.5,0.0,0.0,0.0,1011.0,"cluster_3"
0.0,0.0,0.0,0.0,0.5,0.0,0.0,0.0,1012.0,"cluster_3"
0.0,0.0,0.0,0.0,0.5,0.0,0.0,0.0,1013.0,"cluster_3"
0.009821115,0.002277904,0.0,0.263157895,0.217619048,0.0,0.0,0.0,1014.0,"cluster_0"
0.0,0.0,0.0,0.0,0.4975,0.0,0.0,0.0,1015.0,"cluster_3"
0.002665731,0.0,0.0,0.0,0.492222222,0.0,0.0,0.0,1016.0,"cluster_3"
0.00259558,0.0,0.0,0.0,0.481818182,0.0,0.0,0.0,1017.0,"cluster_3"
0.0042792,0.0,0.0,0.0,0.478125,0.0,0.0,0.0,1018.0,"cluster_3"
0.001613469,0.0,0.0,0.0,0.476666667,0.0,0.0,0.0,1019.0,"cluster_3"
4.20905E-4,0.0,0.0,0.0,0.476666667,0.0,0.0,0.0,1020.0,"cluster_3"
4.20905E-4,0.0,0.0,0.0,0.476666667,0.0,0.0,0.0,1021.0,"cluster_3"
1.40302E-4,0.0,0.0,0.0,0.476666667,0.0,0.0,0.0,1022.0,"cluster_3"
0.0,0.0,0.0,0.0,0.476666667,0.0,0.0,0.0,1023.0,"cluster_3"
0.0,0.0,0.0,0.0,0.476666667,0.0,0.0,0.0,1024.0,"cluster_3"
0.038021747,0.0,0.0,0.093457944,0.340266667,0.0,0.0,0.0,1025.0,"cluster_0"
0.028621536,0.002277904,0.0,0.12987013,0.304067797,0.0,0.0,0.0,1026.0,"cluster_0"
0.0,0.0,0.0,0.0,0.465,0.0,0.0,0.0,1027.0,"cluster_3"
0.016415293,0.006833713,0.0,0.117647059,0.295753425,0.0,0.0,0.0,1028.0,"cluster_0"
7.02E-5,0.0,0.0,0.0,0.45,0.0,0.0,0.0,1029.0,"cluster_3"
0.002806033,0.0,0.0,0.0,0.444,0.0,0.0,0.0,1030.0,"cluster_0"
0.0042792,0.006833713,0.009090909,0.0,0.377350427,0.0,0.0,0.0,1031.0,"cluster_0"
0.001543318,0.0,0.0,0.0,0.442727273,0.0,0.0,0.0,1032.0,"cluster_0"
0.013679411,0.0,0.0,0.0,0.43,0.0,0.0,0.0,1033.0,"cluster_0"
0.004489653,0.002277904,0.0,0.0,0.43,0.0,0.0,0.0,1034.0,"cluster_0"
0.0,0.0,0.0,0.0,0.441554127,0.0,0.0,0.0,1035.0,"cluster_0"
0.008698702,0.0,0.0,0.0,0.430285714,0.0,0.0,0.0,1036.0,"cluster_0"
2.10452E-4,0.0,0.0,0.0,0.43875,0.0,0.0,0.0,1037.0,"cluster_0"
9.11961E-4,0.0,0.0,0.0,0.4356,0.0,0.0,0.0,1038.0,"cluster_0"
0.006313574,0.0,0.0,0.0,0.43,0.0,0.0,0.0,1039.0,"cluster_0"
0.004700105,0.0,0.0,0.0,0.43,0.0,0.0,0.0,1040.0,"cluster_0"
0.004419502,0.0,0.0,0.0,0.43,0.0,0.0,0.0,1041.0,"cluster_0"
0.003297089,0.0,0.0,0.0,0.43,0.0,0.0,0.0,1042.0,"cluster_0"
0.002946335,0.0,0.0,0.0,0.43,0.0,0.0,0.0,1043.0,"cluster_0"
0.002876184,0.0,0.0,0.0,0.43,0.0,0.0,0.0,1044.0,"cluster_0"
0.002385128,0.0,0.0,0.0,0.43,0.0,0.0,0.0,1045.0,"cluster_0"
0.001894072,0.0,0.0,0.0,0.43,0.0,0.0,0.0,1046.0,"cluster_0"
0.001613469,0.0,0.0,0.0,0.43,0.0,0.0,0.0,1047.0,"cluster_0"
0.001473167,0.0,0.0,0.0,0.43,0.0,0.0,0.0,1048.0,"cluster_0"
0.001473167,0.0,0.0,0.0,0.43,0.0,0.0,0.0,1049.0,"cluster_0"
0.001052262,0.0,0.0,0.0,0.43,0.0,0.0,0.0,1050.0,"cluster_0"
9.11961E-4,0.0,0.0,0.0,0.43,0.0,0.0,0.0,1051.0,"cluster_0"
7.71659E-4,0.0,0.0,0.0,0.43,0.0,0.0,0.0,1052.0,"cluster_0"
7.01508E-4,0.0,0.0,0.0,0.43,0.0,0.0,0.0,1053.0,"cluster_0"
7.01508E-4,0.0,0.0,0.0,0.43,0.0,0.0,0.0,1054.0,"cluster_0"
4.91056E-4,0.0,0.0,0.0,0.43,0.0,0.0,0.0,1055.0,"cluster_0"
4.91056E-4,0.0,0.0,0.0,0.43,0.0,0.0,0.0,1056.0,"cluster_0"
4.20905E-4,0.0,0.0,0.0,0.43,0.0,0.0,0.0,1057.0,"cluster_0"
3.50754E-4,0.0,0.0,0.0,0.43,0.0,0.0,0.0,1058.0,"cluster_0"
3.50754E-4,0.0,0.0,0.0,0.43,0.0,0.0,0.0,1059.0,"cluster_0"
2.80603E-4,0.0,0.0,0.0,0.43,0.0,0.0,0.0,1060.0,"cluster_0"
2.10452E-4,0.0,0.0,0.0,0.43,0.0,0.0,0.0,1061.0,"cluster_0"
2.10452E-4,0.0,0.0,0.0,0.43,0.0,0.0,0.0,1062.0,"cluster_0"
1.40302E-4,0.0,0.0,0.0,0.43,0.0,0.0,0.0,1063.0,"cluster_0"
1.40302E-4,0.0,0.0,0.0,0.43,0.0,0.0,0.0,1064.0,"cluster_0"
1.40302E-4,0.0,0.0,0.0,0.43,0.0,0.0,0.0,1065.0,"cluster_0"
1.40302E-4,0.0,0.0,0.0,0.43,0.0,0.0,0.0,1066.0,"cluster_0"
1.40302E-4,0.0,0.0,0.0,0.43,0.0,0.0,0.0,1067.0,"cluster_0"
1.40302E-4,0.0,0.0,0.0,0.43,0.0,0.0,0.0,1068.0,"cluster_0"
1.40302E-4,0.0,0.0,0.0,0.43,0.0,0.0,0.0,1069.0,"cluster_0"
1.40302E-4,0.0,0.0,0.0,0.43,0.0,0.0,0.0,1070.0,"cluster_0"
7.02E-5,0.0,0.0,0.0,0.43,0.0,0.0,0.0,1071.0,"cluster_0"
7.02E-5,0.0,0.0,0.0,0.43,0.0,0.0,0.0,1072.0,"cluster_0"
7.02E-5,0.0,0.0,0.0,0.43,0.0,0.0,0.0,1073.0,"cluster_0"
7.02E-5,0.0,0.0,0.0,0.43,0.0,0.0,0.0,1074.0,"cluster_0"
0.0,0.0,0.0,0.0,0.43,0.0,0.0,0.0,1075.0,"cluster_0"
0.0,0.0,0.0,0.0,0.43,0.0,0.0,0.0,1076.0,"cluster_0"
0.0,0.0,0.0,0.0,0.43,0.0,0.0,0.0,1077.0,"cluster_0"
0.0,0.0,0.0,0.0,0.43,0.0,0.0,0.0,1078.0,"cluster_0"
0.0,0.0,0.0,0.0,0.43,0.0,0.0,0.0,1079.0,"cluster_0"
0.0,0.0,0.0,0.0,0.43,0.0,0.0,0.0,1080.0,"cluster_0"
0.0,0.0,0.0,0.0,0.43,0.0,0.0,0.0,1081.0,"cluster_0"
0.0,0.0,0.0,0.0,0.43,0.0,0.0,0.0,1082.0,"cluster_0"
0.0,0.0,0.0,0.0,0.43,0.0,0.0,0.0,1083.0,"cluster_0"
0.0,0.0,0.0,0.0,0.43,0.0,0.0,0.0,1084.0,"cluster_0"
0.0,0.0,0.0,0.0,0.43,0.0,0.0,0.0,1085.0,"cluster_0"
0.0,0.0,0.0,0.0,0.43,0.0,0.0,0.0,1086.0,"cluster_0"
0.0,0.0,0.0,0.0,0.43,0.0,0.0,0.0,1087.0,"cluster_0"
0.0,0.0,0.0,0.0,0.43,0.0,0.0,0.0,1088.0,"cluster_0"
0.0,0.0,0.0,0.0,0.43,0.0,0.0,0.0,1089.0,"cluster_0"
0.0,0.0,0.0,0.0,0.43,0.0,0.0,0.0,1090.0,"cluster_0"
0.0,0.0,0.0,0.0,0.43,0.0,0.0,0.0,1091.0,"cluster_0"
0.0,0.0,0.0,0.0,0.43,0.0,0.0,0.0,1092.0,"cluster_0"
0.0,0.0,0.0,0.0,0.43,0.0,0.0,0.0,1093.0,"cluster_0"
0.0,0.0,0.0,0.0,0.43,0.0,0.0,0.0,1094.0,"cluster_0"
0.0,0.0,0.0,0.0,0.43,0.0,0.0,0.0,1095.0,"cluster_0"
0.0,0.0,0.0,0.0,0.43,0.0,0.0,0.0,1096.0,"cluster_0"
0.0,0.0,0.0,0.0,0.43,0.0,0.0,0.0,1097.0,"cluster_0"
0.0,0.0,0.0,0.0,0.43,0.0,0.0,0.0,1098.0,"cluster_0"
0.0,0.0,0.0,0.0,0.43,0.0,0.0,0.0,1099.0,"cluster_0"
0.0,0.0,0.0,0.0,0.43,0.0,0.0,0.0,1100.0,"cluster_0"
0.0,0.0,0.0,0.0,0.43,0.0,0.0,0.0,1101.0,"cluster_0"
0.0,0.0,0.0,0.0,0.43,0.0,0.0,0.0,1102.0,"cluster_0"
0.0,0.0,0.0,0.0,0.43,0.0,0.0,0.0,1103.0,"cluster_0"
0.0,0.0,0.0,0.0,0.43,0.0,0.0,0.0,1104.0,"cluster_0"
0.0,0.0,0.0,0.0,0.43,0.0,0.0,0.0,1105.0,"cluster_0"
0.0,0.0,0.0,0.0,0.43,0.0,0.0,0.0,1106.0,"cluster_0"
0.0,0.0,0.0,0.0,0.43,0.0,0.0,0.0,1107.0,"cluster_0"
0.0,0.0,0.0,0.0,0.43,0.0,0.0,0.0,1108.0,"cluster_0"
0.0,0.0,0.0,0.0,0.43,0.0,0.0,0.0,1109.0,"cluster_0"
0.0,0.0,0.0,0.0,0.43,0.0,0.0,0.0,1110.0,"cluster_0"
0.0,0.0,0.0,0.0,0.43,0.0,0.0,0.0,1111.0,"cluster_0"
0.0,0.0,0.0,0.0,0.43,0.0,0.0,0.0,1112.0,"cluster_0"
0.0,0.0,0.0,0.0,0.43,0.0,0.0,0.0,1113.0,"cluster_0"
0.0,0.0,0.0,0.0,0.43,0.0,0.0,0.0,1114.0,"cluster_0"
0.0,0.0,0.0,0.0,0.43,0.0,0.0,0.0,1115.0,"cluster_0"
0.0,0.0,0.0,0.0,0.43,0.0,0.0,0.0,1116.0,"cluster_0"
0.0,0.0,0.0,0.0,0.43,0.0,0.0,0.0,1117.0,"cluster_0"
0.0,0.0,0.0,0.0,0.43,0.0,0.0,0.0,1118.0,"cluster_0"
0.0,0.0,0.0,0.0,0.43,0.0,0.0,0.0,1119.0,"cluster_0"
0.0,0.0,0.0,0.0,0.43,0.0,0.0,0.0,1120.0,"cluster_0"
0.0,0.0,0.0,0.0,0.43,0.0,0.0,0.0,1121.0,"cluster_0"
0.0,0.0,0.0,0.0,0.43,0.0,0.0,0.0,1122.0,"cluster_0"
0.0,0.0,0.0,0.0,0.43,0.0,0.0,0.0,1123.0,"cluster_0"
0.0,0.0,0.0,0.0,0.43,0.0,0.0,0.0,1124.0,"cluster_0"
0.0,0.0,0.0,0.0,0.43,0.0,0.0,0.0,1125.0,"cluster_0"
0.0,0.0,0.0,0.0,0.43,0.0,0.0,0.0,1126.0,"cluster_0"
0.0,0.0,0.0,0.0,0.43,0.0,0.0,0.0,1127.0,"cluster_0"
0.0,0.0,0.0,0.0,0.43,0.0,0.0,0.0,1128.0,"cluster_0"
0.0,0.0,0.0,0.0,0.43,0.0,0.0,0.0,1129.0,"cluster_0"
0.0,0.0,0.0,0.0,0.43,0.0,0.0,0.0,1130.0,"cluster_0"
0.0,0.0,0.0,0.0,0.43,0.0,0.0,0.0,1131.0,"cluster_0"
0.0,0.0,0.0,0.0,0.43,0.0,0.0,0.0,1132.0,"cluster_0"
0.0,0.0,0.0,0.0,0.43,0.0,0.0,0.0,1133.0,"cluster_0"
0.0,0.0,0.0,0.0,0.43,0.0,0.0,0.0,1134.0,"cluster_0"
0.0,0.0,0.0,0.0,0.43,0.0,0.0,0.0,1135.0,"cluster_0"
0.0,0.0,0.0,0.0,0.43,0.0,0.0,0.0,1136.0,"cluster_0"
0.0,0.0,0.0,0.0,0.43,0.0,0.0,0.0,1137.0,"cluster_0"
0.0,0.0,0.0,0.0,0.43,0.0,0.0,0.0,1138.0,"cluster_0"
0.0,0.0,0.0,0.0,0.43,0.0,0.0,0.0,1139.0,"cluster_0"
0.0,0.0,0.0,0.0,0.43,0.0,0.0,0.0,1140.0,"cluster_0"
0.0,0.0,0.0,0.0,0.43,0.0,0.0,0.0,1141.0,"cluster_0"
0.0,0.0,0.0,0.0,0.43,0.0,0.0,0.0,1142.0,"cluster_0"
0.0,0.0,0.0,0.0,0.43,0.0,0.0,0.0,1143.0,"cluster_0"
0.0,0.0,0.0,0.0,0.43,0.0,0.0,0.0,1144.0,"cluster_0"
0.0,0.0,0.0,0.0,0.423,0.0,0.0,0.0,1145.0,"cluster_0"
3.50754E-4,0.0,0.0,0.0,0.422631579,0.0,0.0,0.0,1146.0,"cluster_0"
0.0,0.0,0.0,0.0,0.419818182,0.0,0.0,0.0,1147.0,"cluster_0"
0.0,0.0,0.0,0.0,0.417826087,0.0,0.0,0.0,1148.0,"cluster_0"
0.0,0.0,0.0,0.0,0.417272727,0.0,0.0,0.0,1149.0,"cluster_0"
0.028551385,0.0,0.0,0.097087379,0.29,0.0,0.0,0.0,1150.0,"cluster_0"
0.005191161,0.0,0.0,0.0,0.41,0.0,0.0,0.0,1151.0,"cluster_0"
0.002665731,0.0,0.0,0.0,0.409354839,0.0,0.0,0.0,1152.0,"cluster_0"
1.40302E-4,0.0,0.0,0.0,0.411610169,0.0,0.0,0.0,1153.0,"cluster_0"
0.003788145,0.0,0.0,0.0,0.402777778,0.0,0.0,0.0,1154.0,"cluster_0"
0.003928446,0.0,0.0,0.0,0.402,0.0,0.0,0.0,1155.0,"cluster_0"
4.20905E-4,0.0,0.0,0.0,0.397692308,0.0,0.0,0.0,1156.0,"cluster_0"
0.0,0.0,0.0,0.0,0.395,0.0,0.0,0.0,1157.0,"cluster_0"
0.0,0.0,0.0,0.0,0.383333333,0.0,0.0,0.0,1158.0,"cluster_0"
0.0,0.0,0.0,0.0,0.364846154,0.0,0.0,0.0,1159.0,"cluster_0"
0.0,0.0,0.0,0.0,0.364117647,0.0,0.0,0.0,1160.0,"cluster_0"
4.20905E-4,0.0,0.0,0.0,0.36,0.0,0.0,0.0,1161.0,"cluster_0"
3.50754E-4,0.0,0.0,0.0,0.36,0.0,0.0,0.0,1162.0,"cluster_0"
2.10452E-4,0.0,0.0,0.0,0.36,0.0,0.0,0.0,1163.0,"cluster_0"
0.0,0.0,0.0,0.0,0.36,0.0,0.0,0.0,1164.0,"cluster_0"
0.0,0.0,0.0,0.0,0.36,0.0,0.0,0.0,1165.0,"cluster_0"
0.0,0.0,0.0,0.0,0.355882353,0.0,0.0,0.0,1166.0,"cluster_0"
7.71659E-4,0.0,0.0,0.0,0.351827605,0.0,0.0,0.0,1167.0,"cluster_0"
0.0,0.0,0.0,0.0,0.351025641,0.0,0.0,0.0,1168.0,"cluster_0"
0.001052262,0.0,0.0,0.0,0.346,0.0,0.0,0.0,1169.0,"cluster_0"
0.002174676,0.0,0.0,0.0,0.342,0.0,0.0,0.0,1170.0,"cluster_0"
0.002034374,0.0,0.0,0.0,0.336666667,0.0,0.0,0.0,1171.0,"cluster_0"
0.001753771,0.0,0.0,0.0,0.335037879,0.0,0.0,0.0,1172.0,"cluster_0"
0.0,0.0,0.0,0.0,0.33,0.0,0.0,0.0,1173.0,"cluster_0"
0.001192564,0.0,0.0,0.0,0.325,0.0,0.0,0.0,1174.0,"cluster_0"
0.007997194,0.0,0.0,0.0,0.31625,0.0,0.0,0.0,1175.0,"cluster_0"
0.002244826,0.0,0.0,0.0,0.31443203,0.0,0.0,0.0,1176.0,"cluster_0"
0.020694493,0.0,0.0,0.0,0.29,0.0,0.0,0.0,1177.0,"cluster_0"
0.001823921,0.0,0.0,0.0,0.301052632,0.0,0.0,0.0,1178.0,"cluster_0"
2.80603E-4,0.0,0.0,0.0,0.3012,0.0,0.0,0.0,1179.0,"cluster_0"
0.00940021,0.0,0.0,0.0,0.288571429,0.0,0.0,0.0,1180.0,"cluster_0"
0.001332866,0.0,0.0,0.0,0.295714286,0.0,0.0,0.0,1181.0,"cluster_0"
0.006664328,0.0,0.0,0.0,0.29,0.0,0.0,0.0,1182.0,"cluster_0"
0.003086636,0.0,0.0,0.0,0.29,0.0,0.0,0.0,1183.0,"cluster_0"
0.002385128,0.0,0.0,0.0,0.29,0.0,0.0,0.0,1184.0,"cluster_0"
0.001262715,0.0,0.0,0.0,0.29,0.0,0.0,0.0,1185.0,"cluster_0"
5.61207E-4,0.0,0.0,0.0,0.29,0.0,0.0,0.0,1186.0,"cluster_0"
4.91056E-4,0.0,0.0,0.0,0.29,0.0,0.0,0.0,1187.0,"cluster_0"
3.50754E-4,0.0,0.0,0.0,0.29,0.0,0.0,0.0,1188.0,"cluster_0"
2.80603E-4,0.0,0.0,0.0,0.29,0.0,0.0,0.0,1189.0,"cluster_0"
2.80603E-4,0.0,0.0,0.0,0.29,0.0,0.0,0.0,1190.0,"cluster_0"
2.10452E-4,0.0,0.0,0.0,0.29,0.0,0.0,0.0,1191.0,"cluster_0"
2.10452E-4,0.0,0.0,0.0,0.29,0.0,0.0,0.0,1192.0,"cluster_0"
1.40302E-4,0.0,0.0,0.0,0.29,0.0,0.0,0.0,1193.0,"cluster_0"
1.40302E-4,0.0,0.0,0.0,0.29,0.0,0.0,0.0,1194.0,"cluster_0"
1.40302E-4,0.0,0.0,0.0,0.29,0.0,0.0,0.0,1195.0,"cluster_0"
1.40302E-4,0.0,0.0,0.0,0.29,0.0,0.0,0.0,1196.0,"cluster_0"
0.0,0.0,0.0,0.0,0.29,0.0,0.0,0.0,1197.0,"cluster_0"
0.0,0.0,0.0,0.0,0.29,0.0,0.0,0.0,1198.0,"cluster_0"
0.0,0.0,0.0,0.0,0.29,0.0,0.0,0.0,1199.0,"cluster_0"
0.0,0.0,0.0,0.0,0.29,0.0,0.0,0.0,1200.0,"cluster_0"
0.0,0.0,0.0,0.0,0.29,0.0,0.0,0.0,1201.0,"cluster_0"
0.0,0.0,0.0,0.0,0.29,0.0,0.0,0.0,1202.0,"cluster_0"
0.0,0.0,0.0,0.0,0.29,0.0,0.0,0.0,1203.0,"cluster_0"
0.0,0.0,0.0,0.0,0.29,0.0,0.0,0.0,1204.0,"cluster_0"
0.0,0.0,0.0,0.0,0.29,0.0,0.0,0.0,1205.0,"cluster_0"
0.0,0.0,0.0,0.0,0.29,0.0,0.0,0.0,1206.0,"cluster_0"
0.0,0.0,0.0,0.0,0.29,0.0,0.0,0.0,1207.0,"cluster_0"
0.0,0.0,0.0,0.0,0.29,0.0,0.0,0.0,1208.0,"cluster_0"
0.0,0.0,0.0,0.0,0.29,0.0,0.0,0.0,1209.0,"cluster_0"
0.0,0.0,0.0,0.0,0.29,0.0,0.0,0.0,1210.0,"cluster_0"
0.0,0.0,0.0,0.0,0.29,0.0,0.0,0.0,1211.0,"cluster_0"
0.0,0.0,0.0,0.0,0.29,0.0,0.0,0.0,1212.0,"cluster_0"
0.0,0.0,0.0,0.0,0.29,0.0,0.0,0.0,1213.0,"cluster_0"
0.0,0.0,0.0,0.0,0.29,0.0,0.0,0.0,1214.0,"cluster_0"
0.0,0.0,0.0,0.0,0.29,0.0,0.0,0.0,1215.0,"cluster_0"
0.0,0.0,0.0,0.0,0.29,0.0,0.0,0.0,1216.0,"cluster_0"
0.0,0.0,0.0,0.0,0.29,0.0,0.0,0.0,1217.0,"cluster_0"
0.0,0.0,0.0,0.0,0.29,0.0,0.0,0.0,1218.0,"cluster_0"
0.0,0.0,0.0,0.0,0.29,0.0,0.0,0.0,1219.0,"cluster_0"
0.0,0.0,0.0,0.0,0.29,0.0,0.0,0.0,1220.0,"cluster_0"
0.0,0.0,0.0,0.0,0.29,0.0,0.0,0.0,1221.0,"cluster_0"
0.0,0.0,0.0,0.0,0.29,0.0,0.0,0.0,1222.0,"cluster_0"
0.0,0.0,0.0,0.0,0.29,0.0,0.0,0.0,1223.0,"cluster_0"
0.0,0.0,0.0,0.0,0.29,0.0,0.0,0.0,1224.0,"cluster_0"
0.0,0.0,0.0,0.0,0.29,0.0,0.0,0.0,1225.0,"cluster_0"
0.0,0.0,0.0,0.0,0.29,0.0,0.0,0.0,1226.0,"cluster_0"
0.0,0.0,0.0,0.0,0.29,0.0,0.0,0.0,1227.0,"cluster_0"
0.0,0.0,0.0,0.0,0.29,0.0,0.0,0.0,1228.0,"cluster_0"
0.0,0.0,0.0,0.0,0.29,0.0,0.0,0.0,1229.0,"cluster_0"
0.0,0.0,0.0,0.0,0.29,0.0,0.0,0.0,1230.0,"cluster_0"
0.0,0.0,0.0,0.0,0.29,0.0,0.0,0.0,1231.0,"cluster_0"
0.0,0.0,0.0,0.0,0.29,0.0,0.0,0.0,1232.0,"cluster_0"
0.0,0.0,0.0,0.0,0.29,0.0,0.0,0.0,1233.0,"cluster_0"
0.0,0.0,0.0,0.0,0.29,0.0,0.0,0.0,1234.0,"cluster_0"
0.0,0.0,0.0,0.0,0.29,0.0,0.0,0.0,1235.0,"cluster_0"
0.0,0.0,0.0,0.0,0.29,0.0,0.0,0.0,1236.0,"cluster_0"
0.0,0.0,0.0,0.0,0.29,0.0,0.0,0.0,1237.0,"cluster_0"
0.0,0.0,0.0,0.0,0.29,0.0,0.0,0.0,1238.0,"cluster_0"
0.0,0.0,0.0,0.0,0.29,0.0,0.0,0.0,1239.0,"cluster_0"
0.0,0.0,0.0,0.0,0.29,0.0,0.0,0.0,1240.0,"cluster_0"
0.0,0.0,0.0,0.0,0.29,0.0,0.0,0.0,1241.0,"cluster_0"
0.0,0.0,0.0,0.0,0.29,0.0,0.0,0.0,1242.0,"cluster_0"
0.0,0.0,0.0,0.0,0.29,0.0,0.0,0.0,1243.0,"cluster_0"
0.0,0.0,0.0,0.0,0.29,0.0,0.0,0.0,1244.0,"cluster_0"
0.0,0.0,0.0,0.0,0.29,0.0,0.0,0.0,1245.0,"cluster_0"
0.0,0.0,0.0,0.0,0.29,0.0,0.0,0.0,1246.0,"cluster_0"
0.0,0.0,0.0,0.0,0.29,0.0,0.0,0.0,1247.0,"cluster_0"
0.0,0.0,0.0,0.0,0.29,0.0,0.0,0.0,1248.0,"cluster_0"
0.0,0.0,0.0,0.0,0.29,0.0,0.0,0.0,1249.0,"cluster_0"
0.0,0.0,0.0,0.0,0.29,0.0,0.0,0.0,1250.0,"cluster_0"
0.0,0.0,0.0,0.0,0.286332945,0.0,0.0,0.0,1251.0,"cluster_0"
0.0,0.0,0.0,0.0,0.285454546,0.0,0.0,0.0,1252.0,"cluster_0"
0.0,0.0,0.0,0.0,0.285,0.0,0.0,0.0,1253.0,"cluster_0"
0.0,0.0,0.0,0.0,0.285,0.0,0.0,0.0,1254.0,"cluster_0"
0.0,0.0,0.0,0.0,0.284482759,0.0,0.0,0.0,1255.0,"cluster_0"
0.010101719,0.0,0.0,0.0,0.272810458,0.0,0.0,0.0,1256.0,"cluster_0"
3.50754E-4,0.0,0.0,0.0,0.275,0.0,0.0,0.0,1257.0,"cluster_0"
0.012136093,0.0,0.0,0.0,0.225416667,0.0,0.0,0.0,1258.0,"cluster_0"
0.0,0.0,0.0,0.0,0.215,0.0,0.0,0.0,1259.0,"cluster_0"
1.40302E-4,0.0,0.0,0.0,0.214318182,0.0,0.0,0.0,1260.0,"cluster_0"
0.0,0.0,0.0,0.0,0.206666667,0.0,0.0,0.0,1261.0,"cluster_0"
6.31357E-4,0.0,0.0,0.0,0.19,0.0,0.0,0.0,1262.0,"cluster_0"
0.0,0.0,0.0,0.0,0.19,0.0,0.0,0.0,1263.0,"cluster_0"
0.003507541,0.0,0.0,0.0,0.185454545,0.0,0.0,0.0,1264.0,"cluster_0"
0.0,0.0,0.0,0.0,0.163913044,0.0,0.0,0.0,1265.0,"cluster_0"
0.0,0.0,0.0,0.0,0.160901034,0.0,0.0,0.0,1266.0,"cluster_0"
3.50754E-4,0.0,0.0,0.0,0.14,0.0,0.0,0.0,1267.0,"cluster_0"
7.02E-5,0.0,0.0,0.0,0.14,0.0,0.0,0.0,1268.0,"cluster_0"
0.0,0.0,0.0,0.0,0.14,0.0,0.0,0.0,1269.0,"cluster_0"
0.0,0.0,0.0,0.0,0.14,0.0,0.0,0.0,1270.0,"cluster_0"
0.0,0.0,0.0,0.0,0.14,0.0,0.0,0.0,1271.0,"cluster_0"
0.0,0.0,0.0,0.0,0.14,0.0,0.0,0.0,1272.0,"cluster_0"
0.0,0.0,0.0,0.0,0.14,0.0,0.0,0.0,1273.0,"cluster_0"
0.0,0.0,0.0,0.0,0.14,0.0,0.0,0.0,1274.0,"cluster_0"
0.0,0.0,0.0,0.0,0.14,0.0,0.0,0.0,1275.0,"cluster_0"
0.0,0.0,0.0,0.0,0.14,0.0,0.0,0.0,1276.0,"cluster_0"
0.0,0.0,0.0,0.0,0.14,0.0,0.0,0.0,1277.0,"cluster_0"
0.0,0.0,0.0,0.0,0.14,0.0,0.0,0.0,1278.0,"cluster_0"
0.0,0.0,0.0,0.0,0.14,0.0,0.0,0.0,1279.0,"cluster_0"
0.0,0.0,0.0,0.0,0.14,0.0,0.0,0.0,1280.0,"cluster_0"
0.0,0.0,0.0,0.0,0.14,0.0,0.0,0.0,1281.0,"cluster_0"
0.0,0.0,0.0,0.0,0.14,0.0,0.0,0.0,1282.0,"cluster_0"
0.0,0.0,0.0,0.0,0.14,0.0,0.0,0.0,1283.0,"cluster_0"
0.0,0.0,0.0,0.0,0.14,0.0,0.0,0.0,1284.0,"cluster_0"
0.0,0.0,0.0,0.0,0.14,0.0,0.0,0.0,1285.0,"cluster_0"
0.0,0.0,0.0,0.0,0.14,0.0,0.0,0.0,1286.0,"cluster_0"
0.0,0.0,0.0,0.0,0.14,0.0,0.0,0.0,1287.0,"cluster_0"
0.0,0.0,0.0,0.0,0.14,0.0,0.0,0.0,1288.0,"cluster_0"
0.0,0.0,0.0,0.0,0.14,0.0,0.0,0.0,1289.0,"cluster_0"
0.0,0.0,0.0,0.0,0.14,0.0,0.0,0.0,1290.0,"cluster_0"
0.0,0.0,0.0,0.0,0.14,0.0,0.0,0.0,1291.0,"cluster_0"
0.0,0.0,0.0,0.0,0.14,0.0,0.0,0.0,1292.0,"cluster_0"
0.0,0.0,0.0,0.0,0.14,0.0,0.0,0.0,1293.0,"cluster_0"
0.0,0.0,0.0,0.0,0.14,0.0,0.0,0.0,1294.0,"cluster_0"
0.0,0.0,0.0,0.0,0.14,0.0,0.0,0.0,1295.0,"cluster_0"
0.0,0.0,0.0,0.0,0.14,0.0,0.0,0.0,1296.0,"cluster_0"
0.0,0.0,0.0,0.0,0.14,0.0,0.0,0.0,1297.0,"cluster_0"
0.0,0.0,0.0,0.0,0.14,0.0,0.0,0.0,1298.0,"cluster_0"
0.002665731,0.0,0.0,0.0,0.0,0.0,0.0,0.0,1299.0,"cluster_0"
0.001543318,0.0,0.0,0.0,0.0,0.0,0.0,0.0,1300.0,"cluster_0"
0.0,0.0,0.0,0.0,0.0,0.0,0.0,0.0,1301.0,"cluster_0"
0.0,0.0,0.0,0.0,0.0,0.0,0.0,0.0,1302.0,"cluster_0"
0.0,0.0,0.0,0.0,0.0,0.0,0.0,0.0,1303.0,"cluster_0"
0.0,0.0,0.0,0.0,0.0,0.0,0.0,0.0,1304.0,"cluster_0"
0.0,0.0,0.0,0.0,0.0,0.0,0.0,0.0,1305.0,"cluster_0"
0.0,0.0,0.0,0.0,0.0,0.0,0.0,0.0,1306.0,"cluster_0"
0.0,0.0,0.0,0.0,0.0,0.0,0.0,0.0,1307.0,"cluster_0"
0.0,0.0,0.0,0.0,0.0,0.0,0.0,0.0,1308.0,"cluster_0"
0.0,0.0,0.0,0.0,0.0,0.0,0.0,0.0,1309.0,"cluster_0"
0.0,0.0,0.0,0.0,0.0,0.0,0.0,0.0,1310.0,"cluster_0"
0.0,0.0,0.0,0.0,0.0,0.0,0.0,0.0,1311.0,"cluster_0"
0.0,0.0,0.0,0.0,0.0,0.0,0.0,0.0,1312.0,"cluster_0"
0.0,0.0,0.0,0.0,0.0,0.0,0.0,0.0,1313.0,"cluster_0"
0.0,0.0,0.0,0.0,0.0,0.0,0.0,0.0,1314.0,"cluster_0"
0.0,0.0,0.0,0.0,0.0,0.0,0.0,0.0,1315.0,"cluster_0"
0.0,0.0,0.0,0.0,0.0,0.0,0.0,0.0,1316.0,"cluster_0"
0.0,0.0,0.0,0.0,0.0,0.0,0.0,0.0,1317.0,"cluster_0"
0.0,0.0,0.0,0.0,0.0,0.0,0.0,0.0,1318.0,"cluster_0"
0.0,0.0,0.0,0.0,0.0,0.0,0.0,0.0,1319.0,"cluster_0"
0.0,0.0,0.0,0.0,0.0,0.0,0.0,0.0,1320.0,"cluster_0"
0.0,0.0,0.0,0.0,0.0,0.0,0.0,0.0,1321.0,"cluster_0"
0.0,0.0,0.0,0.0,0.0,0.0,0.0,0.0,1322.0,"cluster_0"
0.0,0.0,0.0,0.0,0.0,0.0,0.0,0.0,1323.0,"cluster_0"
0.0,0.0,0.0,0.0,0.0,0.0,0.0,0.0,1324.0,"cluster_0"
0.0,0.0,0.0,0.0,0.0,0.0,0.0,0.0,1325.0,"cluster_0"
0.0,0.0,0.0,0.0,0.0,0.0,0.0,0.0,1326.0,"cluster_0"
0.0,0.0,0.0,0.0,0.0,0.0,0.0,0.0,1327.0,"cluster_0"
0.0,0.0,0.0,0.0,0.0,0.0,0.0,0.0,1328.0,"cluster_0"
0.0,0.0,0.0,0.0,0.0,0.0,0.0,0.0,1329.0,"cluster_0"
0.0,0.0,0.0,0.0,0.0,0.0,0.0,0.0,1330.0,"cluster_0"
0.0,0.0,0.0,0.0,0.0,0.0,0.0,0.0,1331.0,"cluster_0"
0.0,0.0,0.0,0.0,0.0,0.0,0.0,0.0,1332.0,"cluster_0"
0.0,0.0,0.0,0.0,0.0,0.0,0.0,0.0,1333.0,"cluster_0"
0.0,0.0,0.0,0.0,0.0,0.0,0.0,0.0,1334.0,"cluster_0"
0.0,0.0,0.0,0.0,0.0,0.0,0.0,0.0,1335.0,"cluster_0"
0.0,0.0,0.0,0.0,0.0,0.0,0.0,0.0,1336.0,"cluster_0"
0.0,0.0,0.0,0.0,0.0,0.0,0.0,0.0,1337.0,"cluster_0"
0.0,0.0,0.0,0.0,0.0,0.0,0.0,0.0,1338.0,"cluster_0"
0.0,0.0,0.0,0.0,0.0,0.0,0.0,0.0,1339.0,"cluster_0"
0.0,0.0,0.0,0.0,0.0,0.0,0.0,0.0,1340.0,"cluster_0"
0.0,0.0,0.0,0.0,0.0,0.0,0.0,0.0,1341.0,"cluster_0"
0.0,0.0,0.0,0.0,0.0,0.0,0.0,0.0,1342.0,"cluster_0"
0.0,0.0,0.0,0.0,0.0,0.0,0.0,0.0,1343.0,"cluster_0"
0.0,0.0,0.0,0.0,0.0,0.0,0.0,0.0,1344.0,"cluster_0"
0.0,0.0,0.0,0.0,0.0,0.0,0.0,0.0,1345.0,"cluster_0"
0.0,0.0,0.0,0.0,0.0,0.0,0.0,0.0,1346.0,"cluster_0"
0.0,0.0,0.0,0.0,0.0,0.0,0.0,0.0,1347.0,"cluster_0"
0.0,0.0,0.0,0.0,0.0,0.0,0.0,0.0,1348.0,"cluster_0"
0.0,0.0,0.0,0.0,0.0,0.0,0.0,0.0,1349.0,"cluster_0"
0.0,0.0,0.0,0.0,0.0,0.0,0.0,0.0,1350.0,"cluster_0"
0.0,0.0,0.0,0.0,0.0,0.0,0.0,0.0,1351.0,"cluster_0"
0.0,0.0,0.0,0.0,0.0,0.0,0.0,0.0,1352.0,"cluster_0"
0.0,0.0,0.0,0.0,0.0,0.0,0.0,0.0,1353.0,"cluster_0"
0.0,0.0,0.0,0.0,0.0,0.0,0.0,0.0,1354.0,"cluster_0"
0.0,0.0,0.0,0.0,0.0,0.0,0.0,0.0,1355.0,"cluster_0"
0.0,0.0,0.0,0.0,0.0,0.0,0.0,0.0,1356.0,"cluster_0"
0.0,0.0,0.0,0.0,0.0,0.0,0.0,0.0,1357.0,"cluster_0"
0.0,0.0,0.0,0.0,0.0,0.0,0.0,0.0,1358.0,"cluster_0"
0.0,0.0,0.0,0.0,0.0,0.0,0.0,0.0,1359.0,"cluster_0"
0.0,0.0,0.0,0.0,0.0,0.0,0.0,0.0,1360.0,"cluster_0"
0.0,0.0,0.0,0.0,0.0,0.0,0.0,0.0,1361.0,"cluster_0"
0.0,0.0,0.0,0.0,0.0,0.0,0.0,0.0,1362.0,"cluster_0"
0.0,0.0,0.0,0.0,0.0,0.0,0.0,0.0,1363.0,"cluster_0"
0.0,0.0,0.0,0.0,0.0,0.0,0.0,0.0,1364.0,"cluster_0"
0.0,0.0,0.0,0.0,0.0,0.0,0.0,0.0,1365.0,"cluster_0"
0.0,0.0,0.0,0.0,0.0,0.0,0.0,0.0,1366.0,"cluster_0"
0.0,0.0,0.0,0.0,0.0,0.0,0.0,0.0,1367.0,"cluster_0"
0.0,0.0,0.0,0.0,0.0,0.0,0.0,0.0,1368.0,"cluster_0"
0.0,0.0,0.0,0.0,0.0,0.0,0.0,0.0,1369.0,"cluster_0"
0.0,0.0,0.0,0.0,0.0,0.0,0.0,0.0,1370.0,"cluster_0"
0.0,0.0,0.0,0.0,0.0,0.0,0.0,0.0,1371.0,"cluster_0"
0.0,0.0,0.0,0.0,0.0,0.0,0.0,0.0,1372.0,"cluster_0"
0.0,0.0,0.0,0.0,0.0,0.0,0.0,0.0,1373.0,"cluster_0"
0.0,0.0,0.0,0.0,0.0,0.0,0.0,0.0,1374.0,"cluster_0"
0.0,0.0,0.0,0.0,0.0,0.0,0.0,0.0,1375.0,"cluster_0"
0.0,0.0,0.0,0.0,0.0,0.0,0.0,0.0,1376.0,"cluster_0"
0.0,0.0,0.0,0.0,0.0,0.0,0.0,0.0,1377.0,"cluster_0"
0.0,0.0,0.0,0.0,0.0,0.0,0.0,0.0,1378.0,"cluster_0"
0.0,0.0,0.0,0.0,0.0,0.0,0.0,0.0,1379.0,"cluster_0"
0.0,0.0,0.0,0.0,0.0,0.0,0.0,0.0,1380.0,"cluster_0"
0.0,0.0,0.0,0.0,0.0,0.0,0.0,0.0,1381.0,"cluster_0"
0.0,0.0,0.0,0.0,0.0,0.0,0.0,0.0,1382.0,"cluster_0"
0.0,0.0,0.0,0.0,0.0,0.0,0.0,0.0,1383.0,"cluster_0"
0.0,0.0,0.0,0.0,0.0,0.0,0.0,0.0,1384.0,"cluster_0"
0.0,0.0,0.0,0.0,0.0,0.0,0.0,0.0,1385.0,"cluster_0"
0.0,0.0,0.0,0.0,0.0,0.0,0.0,0.0,1386.0,"cluster_0"
0.0,0.0,0.0,0.0,0.0,0.0,0.0,0.0,1387.0,"cluster_0"
0.0,0.0,0.0,0.0,0.0,0.0,0.0,0.0,1388.0,"cluster_0"
0.0,0.0,0.0,0.0,0.0,0.0,0.0,0.0,1389.0,"cluster_0"
0.0,0.0,0.0,0.0,0.0,0.0,0.0,0.0,1390.0,"cluster_0"
0.0,0.0,0.0,0.0,0.0,0.0,0.0,0.0,1391.0,"cluster_0"
0.0,0.0,0.0,0.0,0.0,0.0,0.0,0.0,1392.0,"cluster_0"
0.0,0.0,0.0,0.0,0.0,0.0,0.0,0.0,1393.0,"cluster_0"
0.0,0.0,0.0,0.0,0.0,0.0,0.0,0.0,1394.0,"cluster_0"
0.0,0.0,0.0,0.0,0.0,0.0,0.0,0.0,1395.0,"cluster_0"
0.0,0.0,0.0,0.0,0.0,0.0,0.0,0.0,1396.0,"cluster_0"
0.0,0.0,0.0,0.0,0.0,0.0,0.0,0.0,1397.0,"cluster_0"
0.0,0.0,0.0,0.0,0.0,0.0,0.0,0.0,1398.0,"cluster_0"
0.0,0.0,0.0,0.0,0.0,0.0,0.0,0.0,1399.0,"cluster_0"
0.0,0.0,0.0,0.0,0.0,0.0,0.0,0.0,1400.0,"cluster_0"
0.0,0.0,0.0,0.0,0.0,0.0,0.0,0.0,1401.0,"cluster_0"
0.0,0.0,0.0,0.0,0.0,0.0,0.0,0.0,1402.0,"cluster_0"
0.0,0.0,0.0,0.0,0.0,0.0,0.0,0.0,1403.0,"cluster_0"
0.0,0.0,0.0,0.0,0.0,0.0,0.0,0.0,1404.0,"cluster_0"
0.0,0.0,0.0,0.0,0.0,0.0,0.0,0.0,1405.0,"cluster_0"
0.0,0.0,0.0,0.0,0.0,0.0,0.0,0.0,1406.0,"cluster_0"
0.0,0.0,0.0,0.0,0.0,0.0,0.0,0.0,1407.0,"cluster_0"
0.0,0.0,0.0,0.0,0.0,0.0,0.0,0.0,1408.0,"cluster_0"
0.0,0.0,0.0,0.0,0.0,0.0,0.0,0.0,1409.0,"cluster_0"
0.0,0.0,0.0,0.0,0.0,0.0,0.0,0.0,1410.0,"cluster_0"
0.0,0.0,0.0,0.0,0.0,0.0,0.0,0.0,1411.0,"cluster_0"
0.0,0.0,0.0,0.0,0.0,0.0,0.0,0.0,1412.0,"cluster_0"
0.0,0.0,0.0,0.0,0.0,0.0,0.0,0.0,1413.0,"cluster_0"
0.0,0.0,0.0,0.0,0.0,0.0,0.0,0.0,1414.0,"cluster_0"
0.0,0.0,0.0,0.0,0.0,0.0,0.0,0.0,1415.0,"cluster_0"
0.0,0.0,0.0,0.0,0.0,0.0,0.0,0.0,1416.0,"cluster_0"
0.0,0.0,0.0,0.0,0.0,0.0,0.0,0.0,1417.0,"cluster_0"
0.0,0.0,0.0,0.0,0.0,0.0,0.0,0.0,1418.0,"cluster_0"
0.0,0.0,0.0,0.0,0.0,0.0,0.0,0.0,1419.0,"cluster_0"
0.0,0.0,0.0,0.0,0.0,0.0,0.0,0.0,1420.0,"cluster_0"
0.0,0.0,0.0,0.0,0.0,0.0,0.0,0.0,1421.0,"cluster_0"
0.0,0.0,0.0,0.0,0.0,0.0,0.0,0.0,1422.0,"cluster_0"
0.0,0.0,0.0,0.0,0.0,0.0,0.0,0.0,1423.0,"cluster_0"
0.0,0.0,0.0,0.0,0.0,0.0,0.0,0.0,1424.0,"cluster_0"
0.0,0.0,0.0,0.0,0.0,0.0,0.0,0.0,1425.0,"cluster_0"
0.0,0.0,0.0,0.0,0.0,0.0,0.0,0.0,1426.0,"cluster_0"
0.0,0.0,0.0,0.0,0.0,0.0,0.0,0.0,1427.0,"cluster_0"
0.0,0.0,0.0,0.0,0.0,0.0,0.0,0.0,1428.0,"cluster_0"
0.0,0.0,0.0,0.0,0.0,0.0,0.0,0.0,1429.0,"cluster_0"
0.0,0.0,0.0,0.0,0.0,0.0,0.0,0.0,1430.0,"cluster_0"
0.0,0.0,0.0,0.0,0.0,0.0,0.0,0.0,1431.0,"cluster_0"
0.0,0.0,0.0,0.0,0.0,0.0,0.0,0.0,1432.0,"cluster_0"
0.0,0.0,0.0,0.0,0.0,0.0,0.0,0.0,1433.0,"cluster_0"
0.0,0.0,0.0,0.0,0.0,0.0,0.0,0.0,1434.0,"cluster_0"
0.0,0.0,0.0,0.0,0.0,0.0,0.0,0.0,1435.0,"cluster_0"
0.0,0.0,0.0,0.0,0.0,0.0,0.0,0.0,1436.0,"cluster_0"
0.0,0.0,0.0,0.0,0.0,0.0,0.0,0.0,1437.0,"cluster_0"
0.0,0.0,0.0,0.0,0.0,0.0,0.0,0.0,1438.0,"cluster_0"
0.0,0.0,0.0,0.0,0.0,0.0,0.0,0.0,1439.0,"cluster_0"
0.0,0.0,0.0,0.0,0.0,0.0,0.0,0.0,1440.0,"cluster_0"
0.0,0.0,0.0,0.0,0.0,0.0,0.0,0.0,1441.0,"cluster_0"
0.0,0.0,0.0,0.0,0.0,0.0,0.0,0.0,1442.0,"cluster_0"
0.0,0.0,0.0,0.0,0.0,0.0,0.0,0.0,1443.0,"cluster_0"
0.0,0.0,0.0,0.0,0.0,0.0,0.0,0.0,1444.0,"cluster_0"
0.0,0.0,0.0,0.0,0.0,0.0,0.0,0.0,1445.0,"cluster_0"
0.0,0.0,0.0,0.0,0.0,0.0,0.0,0.0,1446.0,"cluster_0"
0.0,0.0,0.0,0.0,0.0,0.0,0.0,0.0,1447.0,"cluster_0"
0.0,0.0,0.0,0.0,0.0,0.0,0.0,0.0,1448.0,"cluster_0"
0.0,0.0,0.0,0.0,0.0,0.0,0.0,0.0,1449.0,"cluster_0"
0.0,0.0,0.0,0.0,0.0,0.0,0.0,0.0,1450.0,"cluster_0"
0.0,0.0,0.0,0.0,0.0,0.0,0.0,0.0,1451.0,"cluster_0"
0.0,0.0,0.0,0.0,0.0,0.0,0.0,0.0,1452.0,"cluster_0"
0.0,0.0,0.0,0.0,0.0,0.0,0.0,0.0,1453.0,"cluster_0"
0.0,0.0,0.0,0.0,0.0,0.0,0.0,0.0,1454.0,"cluster_0"
0.0,0.0,0.0,0.0,0.0,0.0,0.0,0.0,1455.0,"cluster_0"
0.0,0.0,0.0,0.0,0.0,0.0,0.0,0.0,1456.0,"cluster_0"
0.0,0.0,0.0,0.0,0.0,0.0,0.0,0.0,1457.0,"cluster_0"
0.0,0.0,0.0,0.0,0.0,0.0,0.0,0.0,1458.0,"cluster_0"
0.0,0.0,0.0,0.0,0.0,0.0,0.0,0.0,1459.0,"cluster_0"
0.0,0.0,0.0,0.0,0.0,0.0,0.0,0.0,1460.0,"cluster_0"
0.0,0.0,0.0,0.0,0.0,0.0,0.0,0.0,1461.0,"cluster_0"
0.0,0.0,0.0,0.0,0.0,0.0,0.0,0.0,1462.0,"cluster_0"
0.0,0.0,0.0,0.0,0.0,0.0,0.0,0.0,1463.0,"cluster_0"
0.0,0.0,0.0,0.0,0.0,0.0,0.0,0.0,1464.0,"cluster_0"
0.0,0.0,0.0,0.0,0.0,0.0,0.0,0.0,1465.0,"cluster_0"
0.0,0.0,0.0,0.0,0.0,0.0,0.0,0.0,1466.0,"cluster_0"
0.0,0.0,0.0,0.0,0.0,0.0,0.0,0.0,1467.0,"cluster_0"
0.0,0.0,0.0,0.0,0.0,0.0,0.0,0.0,1468.0,"cluster_0"
0.0,0.0,0.0,0.0,0.0,0.0,0.0,0.0,1469.0,"cluster_0"
0.0,0.0,0.0,0.0,0.0,0.0,0.0,0.0,1470.0,"cluster_0"
0.0,0.0,0.0,0.0,0.0,0.0,0.0,0.0,1471.0,"cluster_0"
0.0,0.0,0.0,0.0,0.0,0.0,0.0,0.0,1472.0,"cluster_0"
0.0,0.0,0.0,0.0,0.0,0.0,0.0,0.0,1473.0,"cluster_0"
0.0,0.0,0.0,0.0,0.0,0.0,0.0,0.0,1474.0,"cluster_0"
0.0,0.0,0.0,0.0,0.0,0.0,0.0,0.0,1475.0,"cluster_0"
0.0,0.0,0.0,0.0,0.0,0.0,0.0,0.0,1476.0,"cluster_0"
0.0,0.0,0.0,0.0,0.0,0.0,0.0,0.0,1477.0,"cluster_0"
0.0,0.0,0.0,0.0,0.0,0.0,0.0,0.0,1478.0,"cluster_0"
0.0,0.0,0.0,0.0,0.0,0.0,0.0,0.0,1479.0,"cluster_0"
0.0,0.0,0.0,0.0,0.0,0.0,0.0,0.0,1480.0,"cluster_0"
0.0,0.0,0.0,0.0,0.0,0.0,0.0,0.0,1481.0,"cluster_0"
0.0,0.0,0.0,0.0,0.0,0.0,0.0,0.0,1482.0,"cluster_0"
0.0,0.0,0.0,0.0,0.0,0.0,0.0,0.0,1483.0,"cluster_0"
0.0,0.0,0.0,0.0,0.0,0.0,0.0,0.0,1484.0,"cluster_0"
0.0,0.0,0.0,0.0,0.0,0.0,0.0,0.0,1485.0,"cluster_0"
0.0,0.0,0.0,0.0,0.0,0.0,0.0,0.0,1486.0,"cluster_0"
0.0,0.0,0.0,0.0,0.0,0.0,0.0,0.0,1487.0,"cluster_0"
0.0,0.0,0.0,0.0,0.0,0.0,0.0,0.0,1488.0,"cluster_0"
0.0,0.0,0.0,0.0,0.0,0.0,0.0,0.0,1489.0,"cluster_0"
0.0,0.0,0.0,0.0,0.0,0.0,0.0,0.0,1490.0,"cluster_0"
0.0,0.0,0.0,0.0,0.0,0.0,0.0,0.0,1491.0,"cluster_0"
0.0,0.0,0.0,0.0,0.0,0.0,0.0,0.0,1492.0,"cluster_0"
0.0,0.0,0.0,0.0,0.0,0.0,0.0,0.0,1493.0,"cluster_0"
0.0,0.0,0.0,0.0,0.0,0.0,0.0,0.0,1494.0,"cluster_0"
0.0,0.0,0.0,0.0,0.0,0.0,0.0,0.0,1495.0,"cluster_0"
0.0,0.0,0.0,0.0,0.0,0.0,0.0,0.0,1496.0,"cluster_0"
0.0,0.0,0.0,0.0,0.0,0.0,0.0,0.0,1497.0,"cluster_0"
0.0,0.0,0.0,0.0,0.0,0.0,0.0,0.0,1498.0,"cluster_0"
0.0,0.0,0.0,0.0,0.0,0.0,0.0,0.0,1499.0,"cluster_0"
0.0,0.0,0.0,0.0,0.0,0.0,0.0,0.0,1500.0,"cluster_0"
